day,date,orangeBoardings,orangeAlightings,orangeAverage,purpleBoardings,purpleAlightings,purpleAverage,greenBoardings,greenAlightings,greenAverage,bannerBoardings,bannerAlightings,bannerAverage,daily
Monday,01/11/2010,877,1027,952,,,,,,,,,,952
Tuesday,01/12/2010,777,815,796,,,,,,,,,,796
Wednesday,01/13/2010,1203,1220,1211.5,,,,,,,,,,1211.5
Thursday,01/14/2010,1194,1233,1213.5,,,,,,,,,,1213.5
Friday,01/15/2010,1645,1643,1644,,,,,,,,,,1644
Saturday,01/16/2010,1457,1524,1490.5,,,,,,,,,,1490.5
Sunday,01/17/2010,839,938,888.5,,,,,,,,,,888.5
Monday,01/18/2010,999,1000,999.5,,,,,,,,,,999.5
Tuesday,01/19/2010,1023,1047,1035,,,,,,,,,,1035
Wednesday,01/20/2010,1375,1416,1395.5,,,,,,,,,,1395.5
Thursday,01/21/2010,1303,1307,1305,,,,,,,,,,1305
Friday,01/22/2010,1401,1388,1394.5,,,,,,,,,,1394.5
Saturday,01/23/2010,1202,1210,1206,,,,,,,,,,1206
Sunday,01/24/2010,715,711,713,,,,,,,,,,713
Monday,01/25/2010,1276,1314,1295,,,,,,,,,,1295
Tuesday,01/26/2010,1436,1423,1429.5,,,,,,,,,,1429.5
Wednesday,01/27/2010,1256,1321,1288.5,,,,,,,,,,1288.5
Thursday,01/28/2010,1246,1232,1239,,,,,,,,,,1239
Friday,01/29/2010,1342,1322,1332,,,,,,,,,,1332
Saturday,01/30/2010,564,599,581.5,,,,,,,,,,581.5
Sunday,01/31/2010,664,703,683.5,,,,,,,,,,683.5
Monday,02/01/2010,1397,1394,1395.5,,,,,,,,,,1395.5
Tuesday,02/02/2010,1437,1436,1436.5,,,,,,,,,,1436.5
Wednesday,02/03/2010,1396,1340,1368,,,,,,,,,,1368
Thursday,02/04/2010,1342,1337,1339.5,,,,,,,,,,1339.5
Friday,02/05/2010,1231,1204,1217.5,,,,,,,,,,1217.5
Saturday,02/06/2010,,,,,,,,,,,,,0
Sunday,02/07/2010,,,,,,,,,,,,,0
Monday,02/08/2010,279,289,284,,,,,,,,,,284
Tuesday,02/09/2010,832,867,849.5,,,,,,,,,,849.5
Wednesday,02/10/2010,,,,,,,,,,,,,0
Thursday,02/11/2010,,,,,,,,,,,,,0
Friday,02/12/2010,664,678,671,,,,,,,,,,671
Saturday,02/13/2010,690,711,700.5,,,,,,,,,,700.5
Sunday,02/14/2010,542,545,543.5,,,,,,,,,,543.5
Monday,02/15/2010,752,751,751.5,,,,,,,,,,751.5
Tuesday,02/16/2010,774,808,791,,,,,,,,,,791
Wednesday,02/17/2010,965,1022,993.5,,,,,,,,,,993.5
Thursday,02/18/2010,1116,1136,1126,,,,,,,,,,1126
Friday,02/19/2010,1637,1647,1642,,,,,,,,,,1642
Saturday,02/20/2010,889,898,893.5,,,,,,,,,,893.5
Sunday,02/21/2010,725,753,739,,,,,,,,,,739
Monday,02/22/2010,954,1041,997.5,,,,,,,,,,997.5
Tuesday,02/23/2010,987,1009,998,,,,,,,,,,998
Wednesday,02/24/2010,1228,1210,1219,,,,,,,,,,1219
Thursday,02/25/2010,1438,1421,1429.5,,,,,,,,,,1429.5
Friday,02/26/2010,1344,1313,1328.5,,,,,,,,,,1328.5
Saturday,02/27/2010,1246,1259,1252.5,,,,,,,,,,1252.5
Sunday,02/28/2010,953,958,955.5,,,,,,,,,,955.5
Monday,03/01/2010,1528,1494,1511,,,,,,,,,,1511
Tuesday,03/02/2010,1505,1492,1498.5,,,,,,,,,,1498.5
Wednesday,03/03/2010,1456,1473,1464.5,,,,,,,,,,1464.5
Thursday,03/04/2010,1697,1698,1697.5,,,,,,,,,,1697.5
Friday,03/05/2010,1911,1900,1905.5,,,,,,,,,,1905.5
Saturday,03/06/2010,1374,1364,1369,,,,,,,,,,1369
Sunday,03/07/2010,1101,1128,1114.5,,,,,,,,,,1114.5
Monday,03/08/2010,1502,1530,1516,,,,,,,,,,1516
Tuesday,03/09/2010,1728,1727,1727.5,,,,,,,,,,1727.5
Wednesday,03/10/2010,1667,1677,1672,,,,,,,,,,1672
Thursday,03/11/2010,1690,1733,1711.5,,,,,,,,,,1711.5
Friday,03/12/2010,1650,1638,1644,,,,,,,,,,1644
Saturday,03/13/2010,969,936,952.5,,,,,,,,,,952.5
Sunday,03/14/2010,707,726,716.5,,,,,,,,,,716.5
Monday,03/15/2010,1602,1574,1588,,,,,,,,,,1588
Tuesday,03/16/2010,1629,1573,1601,,,,,,,,,,1601
Wednesday,03/17/2010,1717,1704,1710.5,,,,,,,,,,1710.5
Thursday,03/18/2010,1940,1958,1949,,,,,,,,,,1949
Friday,03/19/2010,2183,2226,2204.5,,,,,,,,,,2204.5
Saturday,03/20/2010,1967,1924,1945.5,,,,,,,,,,1945.5
Sunday,03/21/2010,1682,1586,1634,,,,,,,,,,1634
Monday,03/22/2010,1383,1443,1413,,,,,,,,,,1413
Tuesday,03/23/2010,1468,1448,1458,,,,,,,,,,1458
Wednesday,03/24/2010,1381,1319,1350,,,,,,,,,,1350
Thursday,03/25/2010,1470,1426,1448,,,,,,,,,,1448
Friday,03/26/2010,1655,1766,1710.5,,,,,,,,,,1710.5
Saturday,03/27/2010,1505,1617,1561,,,,,,,,,,1561
Sunday,03/28/2010,1050,1123,1086.5,,,,,,,,,,1086.5
Monday,03/29/2010,1744,1837,1790.5,,,,,,,,,,1790.5
Tuesday,03/30/2010,1437,1511,1474,,,,,,,,,,1474
Wednesday,03/31/2010,1653,1785,1719,,,,,,,,,,1719
Thursday,04/01/2010,1974,1905,1939.5,,,,,,,,,,1939.5
Friday,04/02/2010,2008,2050,2029,,,,,,,,,,2029
Saturday,04/03/2010,1826,1826,1836,,,,,,,,,,1836
Sunday,04/04/2010,1025,1081,1053,,,,,,,,,,1053
Monday,04/05/2010,1817,1934,1875.5,,,,,,,,,,1875.5
Tuesday,04/06/2010,1937,1615,1776,,,,,,,,,,1776
Wednesday,04/07/2010,1450,1547,1498.5,,,,,,,,,,1498.5
Thursday,04/08/2010,1815,1713,1764,,,,,,,,,,1764
Friday,04/09/2010,2499,2299,2399,,,,,,,,,,2399
Saturday,04/10/2010,1857,1745,1801,,,,,,,,,,1801
Sunday,04/11/2010,1276,1187,1231.5,,,,,,,,,,1231.5
Monday,04/12/2010,1847,1576,1711.5,,,,,,,,,,1711.5
Tuesday,04/13/2010,1643,1643,1643,,,,,,,,,,1643
Wednesday,04/14/2010,1971,1895,1933,,,,,,,,,,1933
Thursday,04/15/2010,1937,1650,1793.5,,,,,,,,,,1793.5
Friday,04/16/2010,2369,2013,2191,,,,,,,,,,2191
Saturday,04/17/2010,1949,1823,1886,,,,,,,,,,1886
Sunday,04/18/2010,1204,1097,1150.5,,,,,,,,,,1150.5
Monday,04/19/2010,1912,1725,1818.5,,,,,,,,,,1818.5
Tuesday,04/20/2010,1797,1797,1797,,,,,,,,,,1797
Wednesday,04/21/2010,1726,1597,1661.5,,,,,,,,,,1661.5
Thursday,04/22/2010,1914,1844,1879,,,,,,,,,,1879
Friday,04/23/2010,2180,2084,2132,,,,,,,,,,2132
Saturday,04/24/2010,1653,1573,1613,,,,,,,,,,1613
Sunday,04/25/2010,1074,1043,1058.5,,,,,,,,,,1058.5
Monday,04/26/2010,1603,1629,1616,,,,,,,,,,1616
Tuesday,04/27/2010,1946,1748,1847,,,,,,,,,,1847
Wednesday,04/28/2010,1750,1707,1728.5,,,,,,,,,,1728.5
Thursday,04/29/2010,1840,1653,1746.5,,,,,,,,,,1746.5
Friday,04/30/2010,2252,2194,2223,,,,,,,,,,2223
Saturday,05/01/2010,2414,2416,2415,,,,,,,,,,2415
Sunday,05/02/2010,1205,1140,1172.5,,,,,,,,,,1172.5
Monday,05/03/2010,1689,1543,1616,,,,,,,,,,1616
Tuesday,05/04/2010,1713,1586,1649.5,,,,,,,,,,1649.5
Wednesday,05/05/2010,1791,1619,1705,,,,,,,,,,1705
Thursday,05/06/2010,1966,1687,1826.5,,,,,,,,,,1826.5
Friday,05/07/2010,2254,2180,2217,,,,,,,,,,2217
Saturday,05/08/2010,1877,1759,1818,,,,,,,,,,1818
Sunday,05/09/2010,1067,915,991,,,,,,,,,,991
Monday,05/10/2010,1823,1633,1728,,,,,,,,,,1728
Tuesday,05/11/2010,1713,1616,1664.5,,,,,,,,,,1664.5
Wednesday,05/12/2010,1926,1796,1861,,,,,,,,,,1861
Thursday,05/13/2010,1879,1802,1840.5,,,,,,,,,,1840.5
Friday,05/14/2010,2630,2442,2536,,,,,,,,,,2536
Saturday,05/15/2010,1883,2113,1998,,,,,,,,,,1998
Sunday,05/16/2010,1022,1090,1056,,,,,,,,,,1056
Monday,05/17/2010,1903,1962,1932.5,,,,,,,,,,1932.5
Tuesday,05/18/2010,1644,1600,1622,,,,,,,,,,1622
Wednesday,05/19/2010,1809,1835,1822,,,,,,,,,,1822
Thursday,05/20/2010,2166,2140,2153,,,,,,,,,,2153
Friday,05/21/2010,2626,2456,2541,,,,,,,,,,2541
Saturday,05/22/2010,1668,1430,1549,,,,,,,,,,1549
Sunday,05/23/2010,1076,960,1018,,,,,,,,,,1018
Monday,05/24/2010,1768,1552,1660,,,,,,,,,,1660
Tuesday,05/25/2010,1827,1689,1758,,,,,,,,,,1758
Wednesday,05/26/2010,2166,1989,2077.5,,,,,,,,,,2077.5
Thursday,05/27/2010,2249,2131,2190,,,,,,,,,,2190
Friday,05/28/2010,2341,2157,2249,,,,,,,,,,2249
Saturday,05/29/2010,1774,1671,1722.5,,,,,,,,,,1722.5
Sunday,05/30/2010,1439,1302,1370.5,,,,,,,,,,1370.5
Monday,05/31/2010,1454,1479,1466.5,,,,,,,,,,1466.5
Tuesday,06/01/2010,1973,1851,1912,,,,,,,,,,1912
Wednesday,06/02/2010,1925,1767,1846,,,,,,,,,,1846
Thursday,06/03/2010,2087,1998,2042.5,,,,,,,,,,2042.5
Friday,06/04/2010,2132,1917,2024.5,,,,,,,,,,2024.5
Saturday,06/05/2010,1896,1789,1842.5,,,,,,,,,,1842.5
Sunday,06/06/2010,1099,831,965,,,,,,,,,,965
Monday,06/07/2010,2050,1929,1989.5,1028,1138,1083,,,,,,,3072.5
Tuesday,06/08/2010,2483,2366,2424.5,1327,1186,1256.5,,,,,,,3681
Wednesday,06/09/2010,1743,1474,1608.5,1726,1793,1759.5,,,,,,,3368
Thursday,06/10/2010,2249,1920,2084.5,2044,2080,2062,,,,,,,4146.5
Friday,06/11/2010,3107,2917,3012,2230,2172,2201,,,,,,,5213
Saturday,06/12/2010,2392,2156,2274,1852,1886,1869,,,,,,,4143
Sunday,06/13/2010,1394,1251,1322.5,1317,1434,1375.5,,,,,,,2698
Monday,06/14/2010,2254,2038,2146,1897,1906,1901.5,,,,,,,4047.5
Tuesday,06/15/2010,2185,2261,2223,1973,1654,1813.5,,,,,,,4036.5
Wednesday,06/16/2010,1604,1748,1676,1744,1630,1687,,,,,,,3363
Thursday,06/17/2010,2024,2064,2044,1493,1729,1611,,,,,,,3655
Friday,06/18/2010,1790,1826,1808,2215,2567,2391,,,,,,,4199
Saturday,06/19/2010,1928,2324,2126,1811,1633,1722,,,,,,,3848
Sunday,06/20/2010,1461,1565,1513,1121,1216,1168.5,,,,,,,2681.5
Monday,06/21/2010,2235,2299,2267,1504,1480,1492,,,,,,,3759
Tuesday,06/22/2010,2061,2088,2074.5,2197,2250,2223.5,,,,,,,4298
Wednesday,06/23/2010,2231,2386,2308.5,2334,2369,2351.5,,,,,,,4660
Thursday,06/24/2010,2423,2328,2375.5,2196,2245,2220.5,,,,,,,4596
Friday,06/25/2010,3410,3533,3471.5,2790,2502,2646,,,,,,,6117.5
Saturday,06/26/2010,2483,2246,2364.5,2036,2129,2082.5,,,,,,,4447
Sunday,06/27/2010,1518,1222,1370,1640,1828,1734,,,,,,,3104
Monday,06/28/2010,2325,2435,2380,1988,1726,1857,,,,,,,4237
Tuesday,06/29/2010,2204,2244,2224,2305,2054,2179.5,,,,,,,4403.5
Wednesday,06/30/2010,2681,2643,2662,1339,1264,1301.5,,,,,,,3963.5
Thursday,07/01/2010,2882,3009,2945.5,2224,1842,2033,,,,,,,4978.5
Friday,07/02/2010,2874,2719,2796.5,2883,2556,2719.5,,,,,,,5516
Saturday,07/03/2010,2536,2394,2465,2654,2408,2531,,,,,,,4996
Sunday,07/04/2010,1900,2155,2027.5,2076,2029,2052.5,,,,,,,4080
Monday,07/05/2010,1658,1669,1663.5,1962,1947,1954.5,,,,,,,3618
Tuesday,07/06/2010,2229,2318,2273.5,2297,1987,2142,,,,,,,4415.5
Wednesday,07/07/2010,2274,1993,2133.5,2785,2823,2804,,,,,,,4937.5
Thursday,07/08/2010,2614,2711,2662.5,2769,2614,2691.5,,,,,,,5354
Friday,07/09/2010,2807,2887,2847,3228,2960,3094,,,,,,,5941
Saturday,07/10/2010,1863,1894,1878.5,2188,2208,2198,,,,,,,4076.5
Sunday,07/11/2010,1765,1674,1719.5,2018,2094,2056,,,,,,,3775.5
Monday,07/12/2010,2310,2410,2360,2308,2088,2198,,,,,,,4558
Tuesday,07/13/2010,2482,2587,2534.5,2572,2648,2610,,,,,,,5144.5
Wednesday,07/14/2010,2236,1967,2101.5,2401,2338,2369.5,,,,,,,4471
Thursday,07/15/2010,2655,2658,2656.5,2757,2442,2599.5,,,,,,,5256
Friday,07/16/2010,2324,2308,2316,2645,2711,2678,,,,,,,4994
Saturday,07/17/2010,1528,1498,1513,3726,3399,3562.5,,,,,,,5075.5
Sunday,07/18/2010,1257,1296,1276.5,2231,1968,2099.5,,,,,,,3376
Monday,07/19/2010,2459,2534,2496.5,2345,1726,2035.5,,,,,,,4532
Tuesday,07/20/2010,2383,2095,2239,2395,2074,2234.5,,,,,,,4473.5
Wednesday,07/21/2010,2737,3165,2951,2760,1962,2361,,,,,,,5312
Thursday,07/22/2010,2801,2143,2472,2729,2776,2752.5,,,,,,,5224.5
Friday,07/23/2010,3037,2699,2868,3404,3022,3213,,,,,,,6081
Saturday,07/24/2010,2192,1632,1912,2491,2584,2537.5,,,,,,,4449.5
Sunday,07/25/2010,1582,1489,1535.5,1714,1778,1746,,,,,,,3281.5
Monday,07/26/2010,2774,2374,2574,2993,2776,2884.5,,,,,,,5458.5
Tuesday,07/27/2010,2647,2553,2600,3153,2936,3044.5,,,,,,,5644.5
Wednesday,07/28/2010,2849,2903,2876,3201,2665,2933,,,,,,,5809
Thursday,07/29/2010,2603,2291,2447,2950,2717,2833.5,,,,,,,5280.5
Friday,07/30/2010,3074,3206,3140,3846,3108,3477,,,,,,,6617
Saturday,07/31/2010,2385,2227,2306,2994,2840,2917,,,,,,,5223
Sunday,08/01/2010,1553,1437,1495,2303,2200,2251.5,,,,,,,3746.5
Monday,08/02/2010,2428,2535,2481.5,2746,2313,2529.5,,,,,,,5011
Tuesday,08/03/2010,2493,2564,2528.5,2940,2537,2738.5,,,,,,,5267
Wednesday,08/04/2010,2094,2203,2148.5,2932,2643,2787.5,,,,,,,4936
Thursday,08/05/2010,2767,2654,2710.5,3056,2593,2824.5,,,,,,,5535
Friday,08/06/2010,3108,2797,2952.5,3715,3533,3624,,,,,,,6576.5
Saturday,08/07/2010,2566,2507,2536.5,2971,3026,2998.5,,,,,,,5535
Sunday,08/08/2010,1706,1623,1664.5,2204,2279,2241.5,,,,,,,3906
Monday,08/09/2010,2573,2605,2589,2507,2216,2361.5,,,,,,,4950.5
Tuesday,08/10/2010,2199,2165,2182,2190,1800,1995,,,,,,,4177
Wednesday,08/11/2010,,,2832,,,2745,,,,,,,5577
Thursday,08/12/2010,,,2637,,,2619,,,,,,,5256
Friday,08/13/2010,,,3957,,,2943,,,,,,,6900
Saturday,08/14/2010,,,2300,,,2795,,,,,,,5095
Sunday,08/15/2010,,,2525,,,2754,,,,,,,5279
Monday,08/16/2010,,,3975,,,3055,,,,,,,7030
Tuesday,08/17/2010,,,2310,,,2670,,,,,,,4980
Wednesday,08/18/2010,,,1993,,,2491,,,,,,,4484
Thursday,08/19/2010,,,1811,,,2200,,,,,,,4011
Friday,08/20/2010,,,2407,,,2685,,,,,,,5092
Saturday,08/21/2010,,,2137,,,3048,,,,,,,5185
Sunday,08/22/2010,,,1988,,,2220,,,,,,,4208
Monday,08/23/2010,,,2863,,,3098,,,,,,,5961
Tuesday,08/24/2010,,,2835,,,3168,,,,,,,6003
Wednesday,08/25/2010,,,2130,,,2130,,,,,,,4260
Thursday,08/26/2010,,,2555,,,2865,,,,,,,5420
Friday,08/27/2010,,,2365,,,2685,,,,,,,5050
Saturday,08/28/2010,,,2290,,,2334,,,,,,,4624
Sunday,08/29/2010,,,1397,,,2190,,,,,,,3587
Monday,08/30/2010,,,2280,,,3314,,,,,,,5594
Tuesday,08/31/2010,,,2790,,,2875,,,,,,,5665
Wednesday,09/01/2010,,,2876,,,3315,,,,,,,6191
Thursday,09/02/2010,,,2705,,,3393,,,,,,,6098
Friday,09/03/2010,,,2968,,,3128,,,,,,,6096
Saturday,09/04/2010,,,3350,,,3046,,,,,,,6396
Sunday,09/05/2010,,,2008,,,2390,,,,,,,4398
Monday,09/06/2010,,,2263,,,2070,,,,,,,4333
Tuesday,09/07/2010,,,2625,,,3074,,,,,,,5699
Wednesday,09/08/2010,,,2410,,,2641,,,,,,,5051
Thursday,09/09/2010,,,2309,,,2721,,,,,,,5030
Friday,09/10/2010,,,2782,,,3398,,,,,,,6180
Saturday,09/11/2010,,,2110,,,2858,,,,,,,4968
Sunday,09/12/2010,,,1132,,,1630,,,,,,,2762
Monday,09/13/2010,,,2464,,,2670,,,,,,,5134
Tuesday,09/14/2010,,,2312,,,2707,,,,,,,5019
Wednesday,09/15/2010,,,2060,,,3117,,,,,,,5177
Thursday,09/16/2010,,,2204,,,2560,,,,,,,4764
Friday,09/17/2010,,,2204,,,2816,,,,,,,5020
Saturday,09/18/2010,,,2597,,,3288,,,,,,,5885
Sunday,09/19/2010,,,1360,,,2445,,,,,,,3805
Monday,09/20/2010,,,2321,,,2812,,,,,,,5133
Tuesday,09/21/2010,,,2135,,,2556,,,,,,,4691
Wednesday,09/22/2010,,,2010,,,2699,,,,,,,4709
Thursday,09/23/2010,,,2175,,,2761,,,,,,,4936
Friday,09/24/2010,,,2626,,,3068,,,,,,,5694
Saturday,09/25/2010,,,1747,,,3277,,,,,,,5024
Sunday,09/26/2010,,,1556,,,1969,,,,,,,3525
Monday,09/27/2010,,,2373,,,2790,,,,,,,5163
Tuesday,09/28/2010,,,2443,,,3175,,,,,,,5618
Wednesday,09/29/2010,,,2220,,,3000,,,,,,,5220
Thursday,09/30/2010,,,2512,,,2128,,,,,,,4640
Friday,10/01/2010,,,3303,,,3825,,,,,,,7128
Saturday,10/02/2010,,,2465,,,3553,,,,,,,6018
Sunday,10/03/2010,,,1512,,,2064,,,,,,,3576
Monday,10/04/2010,,,1442,,,2609,,,,,,,4051
Tuesday,10/05/2010,,,2253,,,2364,,,,,,,4617
Wednesday,10/06/2010,,,2434,,,2907,,,,,,,5341
Thursday,10/07/2010,2061,2164,2112.5,3313,3408,3360.5,,,,,,,5473
Friday,10/08/2010,2491,2680,2585.5,3816,3891,3853.5,,,,,,,6439
Saturday,10/09/2010,2181,2333,2257,3310,3331,3320.5,,,,,,,5577.5
Sunday,10/10/2010,1412,1466,1439,2074,2196,2135,,,,,,,3574
Monday,10/11/2010,2276,2351,2313.5,3111,3180,3145.5,,,,,,,5459
Tuesday,10/12/2010,2471,2529,2500,2961,3043,3002,,,,,,,5502
Wednesday,10/13/2010,1973,2056,2014.5,2521,2608,2564.5,,,,,,,4579
Thursday,10/14/2010,1785,1892,1838.5,2435,2478,2456.5,,,,,,,4295
Friday,10/15/2010,2572,2693,2632.5,3220,3339,3279.5,,,,,,,5912
Saturday,10/16/2010,1417,1491,1454,2600,2730,2665,,,,,,,4119
Sunday,10/17/2010,1180,1214,1197,1759,1877,1818,,,,,,,3015
Monday,10/18/2010,2331,2407,2369,2163,2222,2192.5,,,,,,,4561.5
Tuesday,10/19/2010,1815,1902,1858.5,3133,3223,3178,,,,,,,5036.5
Wednesday,10/20/2010,2363,2463,2413,2622,2712,2667,,,,,,,5080
Thursday,10/21/2010,2245,2316,2280.5,3276,3351,3313.5,,,,,,,5594
Friday,10/22/2010,2680,2840,2760,3893,3974,3933.5,,,,,,,6693.5
Saturday,10/23/2010,1879,1937,1908,3184,3311,3247.5,,,,,,,5155.5
Sunday,10/24/2010,1542,1602,1572,2264,2411,2337.5,,,,,,,3909.5
Monday,10/25/2010,2285,2385,2335,3362,3472,3417,,,,,,,5752
Tuesday,10/26/2010,2333,2413,2373,3218,3413,3315.5,,,,,,,5688.5
Wednesday,10/27/2010,2316,2363,2339.5,3282,3405,3343.5,,,,,,,5683
Thursday,10/28/2010,2500,2542,2521,3415,3490,3452.5,,,,,,,5973.5
Friday,10/29/2010,2447,2497,2472,2848,3395,3121.5,,,,,,,5593.5
Saturday,10/30/2010,2231,2350,2290.5,2470,2822,2646,,,,,,,4936.5
Sunday,10/31/2010,1245,1517,1381,2151,2256,2203.5,,,,,,,3584.5
Monday,11/01/2010,1589,1966,1777.5,3105,3176,3140.5,,,,,,,4918
Tuesday,11/02/2010,2004,2092,2048,2160,2467,2313.5,,,,,,,4361.5
Wednesday,11/03/2010,2074,2150,2112,2150,2640,2395,,,,,,,4507
Thursday,11/04/2010,1332,1716,1524,2541,2586,2563.5,,,,,,,4087.5
Friday,11/05/2010,1721,2225,1973,3472,3550,3511,,,,,,,5484
Saturday,11/06/2010,1964,2048,2006,2455,2806,2630.5,,,,,,,4636.5
Sunday,11/07/2010,895,1079,987,1780,1837,1808.5,,,,,,,2795.5
Monday,11/08/2010,1474,1829,1651.5,2847,2921,2884,,,,,,,4535.5
Tuesday,11/09/2010,2202,2246,2224,2796,2860,2828,,,,,,,5052
Wednesday,11/10/2010,2026,2084,2055,2937,2927,2932,,,,,,,4987
Thursday,11/11/2010,1999,2088,2043.5,2155,2538,2346.5,,,,,,,4390
Friday,11/12/2010,2532,2733,2632.5,3399,3783,3591,,,,,,,6223.5
Saturday,11/13/2010,1665,1874,1769.5,3079,3194,3136.5,,,,,,,4906
Sunday,11/14/2010,1058,1194,1126,1691,1832,1761.5,,,,,,,2887.5
Monday,11/15/2010,2119,2206,2162.5,2426,2888,2657,,,,,,,4819.5
Tuesday,11/16/2010,1782,1887,1834.5,2430,2487,2458.5,,,,,,,4293
Wednesday,11/17/2010,1320,1763,1541.5,2916,2964,2940,,,,,,,4481.5
Thursday,11/18/2010,1846,2031,1938.5,2863,3013,2938,,,,,,,4876.5
Friday,11/19/2010,1859,2314,2086.5,3737,3900,3818.5,,,,,,,5905
Saturday,11/20/2010,1807,1941,1874,2287,2687,2487,,,,,,,4361
Sunday,11/21/2010,1251,1330,1290.5,1369,1655,1512,,,,,,,2802.5
Monday,11/22/2010,1853,2124,1988.5,3095,3170,3132.5,,,,,,,5121
Tuesday,11/23/2010,2185,2325,2255,2275,2815,2545,,,,,,,4800
Wednesday,11/24/2010,2352,2509,2430.5,2837,3039,2938,,,,,,,5368.5
Thursday,11/25/2010,,,,,,,,,,,,,0
Friday,11/26/2010,1818,2017,1917.5,2516,2627,2571.5,,,,,,,4489
Saturday,11/27/2010,1875,1911,1893,2082,2389,2235.5,,,,,,,4128.5
Sunday,11/28/2010,860,1056,958,1682,1740,1711,,,,,,,2669
Monday,11/29/2010,1778,2089,1933.5,3152,3191,3171.5,,,,,,,5105
Tuesday,11/30/2010,2310,2407,2358.5,2564,2991,2777.5,,,,,,,5136
Wednesday,12/01/2010,2018,2103,2060.5,2768,2804,2786,,,,,,,4846.5
Thursday,12/02/2010,2179,2385,2282,2788,3082,2935,,,,,,,5217
Friday,12/03/2010,2473,2492,2482.5,3534,3743,3638.5,,,,,,,6121
Saturday,12/04/2010,2119,2163,2141,2724,2918,2821,,,,,,,4962
Sunday,12/05/2010,1469,1474,1471.5,1915,1990,1952.5,,,,,,,3424
Monday,12/06/2010,2102,2145,2123.5,2620,2695,2657.5,,,,,,,4781
Tuesday,12/07/2010,1907,1956,1931.5,2573,2629,2601,,,,,,,4532.5
Wednesday,12/08/2010,1763,1770,1766.5,3138,3168,3153,,,,,,,4919.5
Thursday,12/09/2010,1528,1567,1547.5,2844,2926,2885,,,,,,,4432.5
Friday,12/10/2010,2522,2557,2539.5,2647,2767,2707,,,,,,,5246.5
Saturday,12/11/2010,1849,1936,1892.5,2323,2373,2348,,,,,,,4240.5
Sunday,12/12/2010,816,831,823.5,1384,1468,1426,,,,,,,2249.5
Monday,12/13/2010,1763,1830,1796.5,2766,2704,2735,,,,,,,4531.5
Tuesday,12/14/2010,1393,1453,1423,2330,2356,2343,,,,,,,3766
Wednesday,12/15/2010,1952,1994,1973,2313,2407,2360,,,,,,,4333
Thursday,12/16/2010,1889,1965,1927,2493,2460,2476.5,,,,,,,4403.5
Friday,12/17/2010,1670,1766,1718,2644,2642,2643,,,,,,,4361
Saturday,12/18/2010,1260,1299,1279.5,1891,2060,1975.5,,,,,,,3255
Sunday,12/19/2010,1095,1114,1104.5,1138,1190,1164,,,,,,,2268.5
Monday,12/20/2010,1865,1934,1899.5,2630,2648,2639,,,,,,,4538.5
Tuesday,12/21/2010,1824,1875,1849.5,2588,2682,2635,,,,,,,4484.5
Wednesday,12/22/2010,1789,1895,1842,2540,2670,2605,,,,,,,4447
Thursday,12/23/2010,2000,2444,2222,2007,2508,2257.5,,,,,,,4479.5
Friday,12/24/2010,791,806,798.5,886,866,876,,,,,,,1674.5
Saturday,12/25/2010,,,,,,,,,,,,,0
Sunday,12/26/2010,,,,,,,,,,,,,0
Monday,12/27/2010,1240,1254,1247,1473,1522,1497.5,,,,,,,2744.5
Tuesday,12/28/2010,1923,1929,1926,2262,2292,2277,,,,,,,4203
Wednesday,12/29/2010,2009,2113,2061,2113,2467,2290,,,,,,,4351
Thursday,12/30/2010,1868,2389,2128.5,1925,2481,2203,,,,,,,4331.5
Friday,12/31/2010,2188,2230,2209,2258,2345,2301.5,,,,,,,4510.5
Saturday,01/01/2011,1440,1504,1472,1552,1669,1610.5,,,,,,,3082.5
Sunday,01/02/2011,1068,1139,1103.5,1431,1465,1448,,,,,,,2551.5
Monday,01/03/2011,2045,2084,2064.5,2863,2956,2909.5,,,,,,,4974
Tuesday,01/04/2011,1707,1769,1738,2541,2513,2527,,,,,,,4265
Wednesday,01/05/2011,1775,1812,1793.5,2615,2615,2615,,,,,,,4408.5
Thursday,01/06/2011,1991,2014,2002.5,2530,2592,2561,,,,,,,4563.5
Friday,01/07/2011,1898,1933,1915.5,3091,3094,3092.5,,,,,,,5008
Saturday,01/08/2011,1419,1469,1444,1985,1992,1988.5,,,,,,,3432.5
Sunday,01/09/2011,987,997,992,1268,1301,1284.5,,,,,,,2276.5
Monday,01/10/2011,2014,2036,2025,2870,2898,2884,,,,,,,4909
Tuesday,01/11/2011,1892,1929,1910.5,2704,2723,2713.5,,,,,,,4624
Wednesday,01/12/2011,1669,1676,1672.5,2425,2434,2429.5,,,,,,,4102
Thursday,01/13/2011,2027,2042,2034.5,2656,2658,2657,,,,,,,4691.5
Friday,01/14/2011,2472,2465,2468.5,3559,3465,3512,,,,,,,5980.5
Saturday,01/15/2011,1368,1395,1381.5,2062,2075,2068.5,,,,,,,3450
Sunday,01/16/2011,1056,1088,1072,1596,1616,1606,,,,,,,2678
Monday,01/17/2011,1408,1426,1417,2032,1981,2006.5,,,,,,,3423.5
Tuesday,01/18/2011,1257,1296,1276.5,2012,2047,2029.5,,,,,,,3306
Wednesday,01/19/2011,1804,1916,1860,3027,3007,3017,,,,,,,4877
Thursday,01/20/2011,1730,2524,2127,1736,2503,2119.5,,,,,,,4246.5
Friday,01/21/2011,2208,2201,2204.5,2883,2900,2891.5,,,,,,,5096
Saturday,01/22/2011,1726,1740,1733,1938,1960,1949,,,,,,,3682
Sunday,01/23/2011,864,815,839.5,1393,1384,1388.5,,,,,,,2228
Monday,01/24/2011,1773,1803,1788,2430,2403,2416.5,,,,,,,4204.5
Tuesday,01/25/2011,1960,1974,1967,2505,2417,2461,,,,,,,4428
Wednesday,01/26/2011,1243,1282,1262.5,1692,1702,1697,,,,,,,2959.5
Thursday,01/27/2011,876,929,902.5,1387,1398,1392.5,,,,,,,2295
Friday,01/28/2011,1842,1820,1831,2456,2510,2483,,,,,,,4314
Saturday,01/29/2011,1382,1398,1390,1835,1905,1870,,,,,,,3260
Sunday,01/30/2011,969,1031,1000,1256,1231,1243.5,,,,,,,2243.5
Monday,01/31/2011,1439,1434,1436.5,2408,2472,2440,,,,,,,3876.5
Tuesday,02/01/2011,1352,1342,1347,2111,2239,2175,,,,,,,3522
Wednesday,02/02/2011,1528,1578,1553,2252,2272,2262,,,,,,,3815
Thursday,02/03/2011,1530,1541,1535.5,2221,2199,2210,,,,,,,3745.5
Friday,02/04/2011,1573,1609,1591,2111,2105,2108,,,,,,,3699
Saturday,02/05/2011,1194,1256,1225,1638,1731,1684.5,,,,,,,2909.5
Sunday,02/06/2011,896,944,920,1335,1401,1368,,,,,,,2288
Monday,02/07/2011,1452,1547,1499.5,1671,1733,1702,,,,,,,3201.5
Tuesday,02/08/2011,1289,1274,1281.5,1912,1955,1933.5,,,,,,,3215
Wednesday,02/09/2011,1534,1568,1551,2078,2108,2093,,,,,,,3644
Thursday,02/10/2011,1673,1723,1698,2281,2292,2286.5,,,,,,,3984.5
Friday,02/11/2011,2212,2310,2261,3138,3072,3105,,,,,,,5366
Saturday,02/12/2011,1725,1812,1768.5,2695,2705,2700,,,,,,,4468.5
Sunday,02/13/2011,1259,1321,1290,1620,1632,1626,,,,,,,2916
Monday,02/14/2011,2148,2182,2165,2450,2511,2480.5,,,,,,,4645.5
Tuesday,02/15/2011,1594,1627,1610.5,2851,2869,2860,,,,,,,4470.5
Wednesday,02/16/2011,2205,2301,2253,2693,2723,2708,,,,,,,4961
Thursday,02/17/2011,2235,2372,2303.5,3301,3416,3358.5,,,,,,,5662
Friday,02/18/2011,2265,3439,2852,4426,4621,4523.5,,,,,,,7375.5
Saturday,02/19/2011,1509,2260,1884.5,2502,2977,2739.5,,,,,,,4624
Sunday,02/20/2011,1395,1889,1642,1544,2309,1926.5,,,,,,,3568.5
Monday,02/21/2011,1452,2202,1827,1946,2535,2240.5,,,,,,,4067.5
Tuesday,02/22/2011,1188,2372,1780,2033,2386,2209.5,,,,,,,3989.5
Wednesday,02/23/2011,1411,2785,2098,2822,3809,3315.5,,,,,,,5413.5
Thursday,02/24/2011,1876,2137,2006.5,3335,3389,3362,,,,,,,5368.5
Friday,02/25/2011,1923,2407,2165,3916,4053,3984.5,,,,,,,6149.5
Saturday,02/26/2011,2454,2541,2497.5,3311,3347,3329,,,,,,,5826.5
Sunday,02/27/2011,1708,1848,1778,2145,2248,2196.5,,,,,,,3974.5
Monday,02/28/2011,2131,2237,2184,3172,3300,3236,,,,,,,5420
Tuesday,03/01/2011,2503,2617,2560,3283,3348,3315.5,,,,,,,5875.5
Wednesday,03/02/2011,2302,2345,2323.5,3456,3597,3526.5,,,,,,,5850
Thursday,03/03/2011,2494,2592,2543,3514,3552,3533,,,,,,,6076
Friday,03/04/2011,3007,3120,3063.5,4421,4552,4486.5,,,,,,,7550
Saturday,03/05/2011,2331,2418,2374.5,3166,3382,3274,,,,,,,5648.5
Sunday,03/06/2011,1349,1429,1389,1847,1946,1896.5,,,,,,,3285.5
Monday,03/07/2011,2569,2796,2682.5,3626,3633,3629.5,,,,,,,6312
Tuesday,03/08/2011,2805,2988,2896.5,3973,4124,4048.5,,,,,,,6945
Wednesday,03/09/2011,2421,2532,2476.5,3931,3952,3941.5,,,,,,,6418
Thursday,03/10/2011,1815,1865,1840,2953,3227,3090,,,,,,,4930
Friday,03/11/2011,3093,3245,3169,4434,4625,4529.5,,,,,,,7698.5
Saturday,03/12/2011,2644,2838,2741,3662,3729,3695.5,,,,,,,6436.5
Sunday,03/13/2011,1181,1251,1216,1562,1616,1589,,,,,,,2805
Monday,03/14/2011,2597,2710,2653.5,3480,3555,3517.5,,,,,,,6171
Tuesday,03/15/2011,2604,2709,2656.5,3721,3766,3743.5,,,,,,,6400
Wednesday,03/16/2011,2443,2503,2473,3636,3815,3725.5,,,,,,,6198.5
Thursday,03/17/2011,2624,2739,2681.5,3756,3741,3748.5,,,,,,,6430
Friday,03/18/2011,3168,3263,3215.5,4575,4656,4615.5,,,,,,,7831
Saturday,03/19/2011,2632,2742,2687,3351,3480,3415.5,,,,,,,6102.5
Sunday,03/20/2011,1614,1695,1654.5,1875,1936,1905.5,,,,,,,3560
Monday,03/21/2011,2390,2503,2446.5,3338,3371,3354.5,,,,,,,5801
Tuesday,03/22/2011,2607,2664,2635.5,3617,3778,3697.5,,,,,,,6333
Wednesday,03/23/2011,2533,2582,2557.5,3480,3548,3514,,,,,,,6071.5
Thursday,03/24/2011,2737,2789,2763,3658,3667,3662.5,,,,,,,6425.5
Friday,03/25/2011,3265,3364,3314.5,4847,4908,4877.5,,,,,,,8192
Saturday,03/26/2011,2739,2815,2777,3437,3563,3500,,,,,,,6277
Sunday,03/27/2011,1740,1847,1793.5,2093,2203,2148,,,,,,,3941.5
Monday,03/28/2011,2811,2828,2819.5,3820,3961,3890.5,,,,,,,6710
Tuesday,03/29/2011,3074,3113,3093.5,4033,4128,4080.5,,,,,,,7174
Wednesday,03/30/2011,2707,2754,2730.5,3763,3883,3823,,,,,,,6553.5
Thursday,03/31/2011,2802,2974,2888,3519,3516,3517.5,,,,,,,6405.5
Friday,04/01/2011,3461,3589,3525,4551,4561,4556,,,,,,,8081
Saturday,04/02/2011,2747,2850,2798.5,3341,3467,3404,,,,,,,6202.5
Sunday,04/03/2011,1853,1906,1879.5,2330,2499,2414.5,,,,,,,4294
Monday,04/04/2011,3356,3436,3396,4394,4613,4503.5,,,,,,,7899.5
Tuesday,04/05/2011,2623,2712,2667.5,3615,3771,3693,,,,,,,6360.5
Wednesday,04/06/2011,2808,2895,2851.5,4037,4188,4112.5,,,,,,,6964
Thursday,04/07/2011,2897,3012,2954.5,4234,4389,4311.5,,,,,,,7266
Friday,04/08/2011,2862,3037,2949.5,3849,4146,3997.5,,,,,,,6947
Saturday,04/09/2011,2488,2710,2599,3483,3633,3558,,,,,,,6157
Sunday,04/10/2011,1823,1876,1849.5,2292,2480,2386,,,,,,,4235.5
Monday,04/11/2011,3120,3283,3201.5,4089,4221,4155,,,,,,,7356.5
Tuesday,04/12/2011,2656,2569,2612.5,3933,4143,4038,,,,,,,6650.5
Wednesday,04/13/2011,2729,2798,2763.5,3721,3767,3744,,,,,,,6507.5
Thursday,04/14/2011,2933,2846,2889.5,4088,4269,4178.5,,,,,,,7068
Friday,04/15/2011,3447,3528,3487.5,5055,5256,5155.5,,,,,,,8643
Saturday,04/16/2011,1328,1373,1350.5,1861,1999,1930,,,,,,,3280.5
Sunday,04/17/2011,1996,2053,2024.5,2808,3007,2907.5,,,,,,,4932
Monday,04/18/2011,2723,2808,2765.5,3817,3951,3884,,,,,,,6649.5
Tuesday,04/19/2011,2819,2997,2908,3824,4071,3947.5,,,,,,,6855.5
Wednesday,04/20/2011,3276,3125,3200.5,4359,4523,4441,,,,,,,7641.5
Thursday,04/21/2011,3213,2827,3020,3649,3840,3744.5,,,,,,,6764.5
Friday,04/22/2011,3489,3262,3375.5,4545,4844,4694.5,,,,,,,8070
Saturday,04/23/2011,2926,2683,2804.5,3496,3597,3546.5,,,,,,,6351
Sunday,04/24/2011,,,,,,,,,,,,,0
Monday,04/25/2011,3073,3202,3137.5,4036,3719,3877.5,,,,,,,7015
Tuesday,04/26/2011,3284,3305,3294.5,4259,3827,4043,,,,,,,7337.5
Wednesday,04/27/2011,3227,3303,3265,4223,3829,4026,,,,,,,7291
Thursday,04/28/2011,3149,2877,3013,4410,4541,4475.5,,,,,,,7488.5
Friday,04/29/2011,3494,3159,3326.5,5257,5472,5364.5,,,,,,,8691
Saturday,04/30/2011,2958,2760,2859,3795,4033,3914,,,,,,,6773
Sunday,05/01/2011,1608,1496,1552,2158,2311,2234.5,,,,,,,3786.5
Monday,05/02/2011,3074,2861,2967.5,4295,4470,4382.5,,,,,,,7350
Tuesday,05/03/2011,3213,3097,3155,4569,4703,4636,,,,,,,7791
Wednesday,05/04/2011,2754,2533,2643.5,4065,4376,4220.5,,,,,,,6864
Thursday,05/05/2011,3393,3507,3450,4574,4704,4639,,,,,,,8089
Friday,05/06/2011,3624,3773,3698.5,4853,4429,4641,,,,,,,8339.5
Saturday,05/07/2011,2963,3093,3028,4124,3756,3940,,,,,,,6968
Sunday,05/08/2011,1482,1572,1527,2272,2097,2184.5,,,,,,,3711.5
Monday,05/09/2011,2893,2935,2914,4444,3995,4219.5,,,,,,,7133.5
Tuesday,05/10/2011,3265,3302,3283.5,4295,3990,4142.5,,,,,,,7426
Wednesday,05/11/2011,3365,3413,3389,4752,4871,4811.5,,,,,,,8200.5
Thursday,05/12/2011,3307,3365,3336,4512,4662,4587,,,,,,,7923
Friday,05/13/2011,3630,3631,3630.5,4864,5049,4956.5,,,,,,,8587
Saturday,05/14/2011,2424,2455,2439.5,3390,3522,3456,,,,,,,5895.5
Sunday,05/15/2011,2071,2126,2098.5,2780,2892,2836,,,,,,,4934.5
Monday,05/16/2011,3404,3495,3449.5,4808,4984,4896,,,,,,,8345.5
Tuesday,05/17/2011,3148,3152,3150,4550,4703,4626.5,,,,,,,7776.5
Wednesday,05/18/2011,3239,3368,3303.5,4636,4722,4679,,,,,,,7982.5
Thursday,05/19/2011,3404,3536,3470,4728,4877,4802.5,,,,,,,8272.5
Friday,05/20/2011,3833,3896,3864.5,5428,5538,5483,,,,,,,9347.5
Saturday,05/21/2011,2979,3006,2992.5,3938,4090,4014,,,,,,,7006.5
Sunday,05/22/2011,1993,2072,2032.5,2694,2808,2751,,,,,,,4783.5
Monday,05/23/2011,3299,3413,3356,4984,4939,4961.5,,,,,,,8317.5
Tuesday,05/24/2011,3385,3459,3422,4975,5061,5018,,,,,,,8440
Wednesday,05/25/2011,3521,3556,3538.5,5186,5225,5205.5,,,,,,,8744
Thursday,05/26/2011,3348,3457,3402.5,4977,5039,5008,,,,,,,8410.5
Friday,05/27/2011,3831,3894,3862.5,5793,5874,5833.5,,,,,,,9696
Saturday,05/28/2011,3264,3431,3347.5,3945,4001,3973,,,,,,,7320.5
Sunday,05/29/2011,2822,2853,2837.5,3033,3097,3065,,,,,,,5902.5
Monday,05/30/2011,2668,2740,2704,2953,3080,3016.5,,,,,,,5720.5
Tuesday,05/31/2011,3065,3212,3138.5,4592,4604,4598,,,,,,,7736.5
Wednesday,06/01/2011,3261,3314,3287.5,5035,5064,5049.5,,,,,,,8337
Thursday,06/02/2011,3243,3307,3275,5105,5038,5071.5,,,,,,,8346.5
Friday,06/03/2011,3881,3954,3917.5,5576,4882,5229,,,,,,,9146.5
Saturday,06/04/2011,2998,3094,3046,3801,3457,3629,,,,,,,6675
Sunday,06/05/2011,1989,2068,2028.5,2940,2745,2842.5,,,,,,,4871
Monday,06/06/2011,3316,3403,3359.5,4832,4228,4530,,,,,,,7889.5
Tuesday,06/07/2011,3485,3541,3513,4953,4453,4703,,,,,,,8216
Wednesday,06/08/2011,3510,3625,3567.5,4717,4167,4442,,,,,,,8009.5
Thursday,06/09/2011,3066,3148,3107,4820,4713,4766.5,,,,,,,7873.5
Friday,06/10/2011,3735,3903,3819,5393,5394,5393.5,,,,,,,9212.5
Saturday,06/11/2011,3194,3300,3247,3718,3772,3745,,,,,,,6992
Sunday,06/12/2011,1982,2071,2026.5,2705,2422,2563.5,,,,,,,4590
Monday,06/13/2011,3624,3746,3685,4824,4232,4528,,,,,,,8213
Tuesday,06/14/2011,3371,3456,3413.5,4883,4068,4475.5,,,,,,,7889
Wednesday,06/15/2011,3753,3848,3800.5,4765,4250,4507.5,,,,,,,8308
Thursday,06/16/2011,3360,3460,3410,4762,4121,4441.5,,,,,,,7851.5
Friday,06/17/2011,4139,4301,4220,5816,5113,5464.5,,,,,,,9684.5
Saturday,06/18/2011,1588,1619,1603.5,1241,1167,1204,,,,,,,2807.5
Sunday,06/19/2011,2062,2122,2092,2682,2463,2572.5,,,,,,,4664.5
Monday,06/20/2011,3392,3446,3419,4447,3871,4159,,,,,,,7578
Tuesday,06/21/2011,3567,3652,3609.5,4856,4204,4530,,,,,,,8139.5
Wednesday,06/22/2011,4084,4195,4139.5,5090,4613,4851.5,,,,,,,8991
Thursday,06/23/2011,3717,3749,3733,4916,4414,4665,,,,,,,8398
Friday,06/24/2011,4410,4560,4485,5598,5060,5329,,,,,,,9814
Saturday,06/25/2011,3681,3878,3779.5,4602,4031,4316.5,,,,,,,8096
Sunday,06/26/2011,2875,2971,2923,2943,2660,2801.5,,,,,,,5724.5
Monday,06/27/2011,3532,3613,3572.5,4731,4259,4495,,,,,,,8067.5
Tuesday,06/28/2011,4085,4191,4138,5100,4651,4875.5,,,,,,,9013.5
Wednesday,06/29/2011,4097,4145,4121,5220,4676,4948,,,,,,,9069
Thursday,06/30/2011,3954,4067,4010.5,5029,4291,4660,,,,,,,8670.5
Friday,07/01/2011,4393,4514,4453.5,5635,5073,5354,,,,,,,9807.5
Saturday,07/02/2011,3793,3926,3859.5,4418,3804,4111,,,,,,,7970.5
Sunday,07/03/2011,2408,2494,2451,3294,3119,3206.5,,,,,,,5657.5
Monday,07/04/2011,3112,3203,3157.5,4186,3698,3942,,,,,,,7099.5
Tuesday,07/05/2011,3484,3635,3559.5,4907,4394,4650.5,,,,,,,8210
Wednesday,07/06/2011,3720,3842,3781,4805,4851,4828,,,,,,,8609
Thursday,07/07/2011,3478,3493,3485.5,4832,4933,4882.5,,,,,,,8368
Friday,07/08/2011,3958,4066,4012,5203,5427,5315,,,,,,,9327
Saturday,07/09/2011,3191,3375,3283,4263,4328,4295.5,,,,,,,7578.5
Sunday,07/10/2011,1946,2076,2011,3011,2992,3001.5,,,,,,,5012.5
Monday,07/11/2011,3617,3693,3655,4473,4211,4342,,,,,,,7997
Tuesday,07/12/2011,3803,3927,3865,4434,4102,4268,,,,,,,8133
Wednesday,07/13/2011,3666,3696,3681,4493,4205,4349,,,,,,,8030
Thursday,07/14/2011,4090,4223,4156.5,4773,4476,4624.5,,,,,,,8781
Friday,07/15/2011,4616,4794,4705,6464,6122,6293,,,,,,,10998
Saturday,07/16/2011,4540,4708,4624,7797,7447,7622,,,,,,,12246
Sunday,07/17/2011,2790,2870,2830,5287,4974,5130.5,,,,,,,7960.5
Monday,07/18/2011,4106,4295,4200.5,5322,4837,5079.5,,,,,,,9280
Tuesday,07/19/2011,4218,4462,4340,5280,5039,5159.5,,,,,,,9499.5
Wednesday,07/20/2011,4287,4439,4363,5370,4880,5125,,,,,,,9488
Thursday,07/21/2011,4121,4181,4151,5030,4660,4845,,,,,,,8996
Friday,07/22/2011,4351,4568,4459.5,5427,4926,5176.5,,,,,,,9636
Saturday,07/23/2011,3382,3524,3453,4096,4138,4117,,,,,,,7570
Sunday,07/24/2011,2240,2380,2310,3364,3372,3368,,,,,,,5678
Monday,07/25/2011,3057,3215,3136,4370,4406,4388,,,,,,,7524
Tuesday,07/26/2011,3879,3893,3886,5045,4971,5008,,,,,,,8894
Wednesday,07/27/2011,3944,4051,3997.5,4908,4718,4813,,,,,,,8810.5
Thursday,07/28/2011,4042,4060,4051,5409,5339,5374,,,,,,,9425
Friday,07/29/2011,4396,4585,4490.5,5542,5503,5522.5,,,,,,,10013
Saturday,07/30/2011,3591,3749,3670,5129,5135,5132,,,,,,,8802
Sunday,07/31/2011,2633,2681,2657,3556,3604,3580,,,,,,,6237
Monday,08/01/2011,3333,3425,3379,4815,4750,4782.5,,,,,,,8161.5
Tuesday,08/02/2011,4002,4124,4063,4778,4752,4765,,,,,,,8828
Wednesday,08/03/2011,3776,3883,3829.5,4724,4809,4766.5,,,,,,,8596
Thursday,08/04/2011,3641,3792,3716.5,5012,4916,4964,,,,,,,8680.5
Friday,08/05/2011,4810,5088,4949,5973,5992,5982.5,,,,,,,10931.5
Saturday,08/06/2011,3420,3519,3469.5,4050,4074,4062,,,,,,,7531.5
Sunday,08/07/2011,2270,2440,2355,2961,2969,2965,,,,,,,5320
Monday,08/08/2011,3765,3971,3868,5246,5209,5227.5,,,,,,,9095.5
Tuesday,08/09/2011,3801,3876,3838.5,4946,4942,4944,,,,,,,8782.5
Wednesday,08/10/2011,4266,4255,4260.5,5147,5003,5075,,,,,,,9335.5
Thursday,08/11/2011,3694,3837,3765.5,4942,5058,5000,,,,,,,8765.5
Friday,08/12/2011,4512,4698,4605,5738,5682,5710,,,,,,,10315
Saturday,08/13/2011,3123,3230,3176.5,3646,3679,3662.5,,,,,,,6839
Sunday,08/14/2011,2011,2112,2061.5,2613,2620,2616.5,,,,,,,4678
Monday,08/15/2011,3188,3276,3232,4397,4465,4431,,,,,,,7663
Tuesday,08/16/2011,3806,4021,3913.5,5201,5237,5219,,,,,,,9132.5
Wednesday,08/17/2011,3744,3870,3807,4979,5035,5007,,,,,,,8814
Thursday,08/18/2011,3644,3736,3690,4999,4939,4969,,,,,,,8659
Friday,08/19/2011,4428,4726,4577,5944,5876,5910,,,,,,,10487
Saturday,08/20/2011,3704,3804,3754,4467,4498,4482.5,,,,,,,8236.5
Sunday,08/21/2011,1564,1697,1630.5,2547,2651,2599,,,,,,,4229.5
Monday,08/22/2011,4042,4174,4108,5341,5318,5329.5,,,,,,,9437.5
Tuesday,08/23/2011,3745,3905,3825,5006,4989,4997.5,,,,,,,8822.5
Wednesday,08/24/2011,3928,4043,3985.5,5274,5114,5194,,,,,,,9179.5
Thursday,08/25/2011,3712,3906,3809,5025,5119,5072,,,,,,,8881
Friday,08/26/2011,4932,5124,5028,6183,6164,6173.5,,,,,,,11201.5
Saturday,08/27/2011,1359,1420,1389.5,1540,1585,1562.5,,,,,,,2952
Sunday,08/28/2011,1291,1351,1321,1915,1905,1910,,,,,,,3231
Monday,08/29/2011,4082,4250,4166,5301,5357,5329,,,,,,,9495
Tuesday,08/30/2011,4068,4254,4161,5117,5119,5118,,,,,,,9279
Wednesday,08/31/2011,4122,4012,4067,5238,5207,5222.5,,,,,,,9289.5
Thursday,09/01/2011,2768,2990,2879,3088,2874,2981,,,,,,,7005.5
Friday,09/02/2011,2654,2794,2724,3949,3728,3838.5,,,,,,,7223
Saturday,09/03/2011,2594,2716,2655,3869,3805,3837,,,,,,,7304
Sunday,09/04/2011,1914,1996,1955,3206,3316,3261,,,,,,,6036.5
Monday,09/05/2011,1816,1921,1868.5,2422,2534,2478,,,,,,,4346.5
Tuesday,09/06/2011,2906,2991,2948.5,4464,4637,4550.5,,,,,,,7499
Wednesday,09/07/2011,3129,3237,3183,4485,4578,4531.5,,,,,,,7714.5
Thursday,09/08/2011,3348,3453,3400.5,4739,4786,4762.5,,,,,,,8163
Friday,09/09/2011,4000,4198,4099,6018,5987,6002.5,,,,,,,10101.5
Saturday,09/10/2011,2881,3059,2970,4176,4232,4204,,,,,,,7174
Sunday,09/11/2011,1949,2070,2009.5,2804,2889,2846.5,,,,,,,4856
Monday,09/12/2011,3868,3977,3922.5,5291,5286,5288.5,,,,,,,9211
Tuesday,09/13/2011,3969,4152,4060.5,5036,5034,5035,,,,,,,9095.5
Wednesday,09/14/2011,3993,3997,3995,5627,5566,5596.5,,,,,,,9591.5
Thursday,09/15/2011,3724,3839,3781.5,5149,5164,5156.5,,,,,,,8938
Friday,09/16/2011,4426,4691,4558.5,6334,6164,6249,,,,,,,10807.5
Saturday,09/17/2011,2937,3090,3013.5,4800,4786,4793,,,,,,,7806.5
Sunday,09/18/2011,2212,2292,2252,3248,3328,3288,,,,,,,5540
Monday,09/19/2011,3751,3963,3857,5275,5139,5207,,,,,,,9064
Tuesday,09/20/2011,3662,3883,3772.5,5522,5276,5399,,,,,,,9171.5
Wednesday,09/21/2011,3973,4074,4023.5,5368,5403,5385.5,,,,,,,9409
Thursday,09/22/2011,3933,4052,3992.5,5465,5135,5300,,,,,,,9292.5
Friday,09/23/2011,3393,3623,3508,4746,4809,4777.5,,,,,,,8285.5
Saturday,09/24/2011,3412,3569,3490.5,4523,4480,4501.5,,,,,,,7992
Sunday,09/25/2011,2288,2394,2341,3215,3146,3180.5,,,,,,,5521.5
Monday,09/26/2011,4328,4459,4393.5,5761,5461,5611,,,,,,,10004.5
Tuesday,09/27/2011,4032,4142,4087,5608,5467,5537.5,,,,,,,9624.5
Wednesday,09/28/2011,4151,4248,4199.5,5363,5488,5425.5,,,,,,,9625
Thursday,09/29/2011,4006,4144,4075,5396,5456,5426,,,,,,,9501
Friday,09/30/2011,4436,4492,4464,6399,6489,6444,,,,,,,10908
Saturday,10/01/2011,4020,4138,4079,4625,4901,4763,,,,,,,8842
Sunday,10/02/2011,2742,2787,2764.5,3372,3514,3443,,,,,,,6207.5
Monday,10/03/2011,4224,4293,4258.5,5380,5578,5479,,,,,,,9737.5
Tuesday,10/04/2011,3526,3675,3600.5,5272,5399,5335.5,,,,,,,8936
Wednesday,10/05/2011,4213,4185,4199,5727,5815,5771,,,,,,,9970
Thursday,10/06/2011,3965,4050,4007.5,5618,5649,5633.5,,,,,,,9641
Friday,10/07/2011,4300,4464,4382,6680,6814,6747,,,,,,,11129
Saturday,10/08/2011,3455,3515,3485,4755,4900,4827.5,,,,,,,8312.5
Sunday,10/09/2011,2030,2144,2087,3261,3386,3323.5,,,,,,,5410.5
Monday,10/10/2011,3485,3657,3571,4334,4548,4441,,,,,,,8012
Tuesday,10/11/2011,4136,4316,4226,5333,5403,5368,,,,,,,9594
Wednesday,10/12/2011,3605,3704,3654.5,5063,5222,5142.5,,,,,,,8797
Thursday,10/13/2011,3492,3539,3515.5,4888,5019,4953.5,,,,,,,8469
Friday,10/14/2011,4230,4548,4389,5532,5753,5642.5,,,,,,,10031.5
Saturday,10/15/2011,2383,2490,2436.5,3642,3785,3713.5,,,,,,,6150
Sunday,10/16/2011,2260,2364,2312,3347,3601,3474,,,,,,,5786
Monday,10/17/2011,3889,4074,3981.5,5172,5540,5356,,,,,,,9337.5
Tuesday,10/18/2011,3849,3959,3904,5422,5680,5551,,,,,,,9455
Wednesday,10/19/2011,2985,3146,3065.5,3141,3134,3137.5,,,,,,,6203
Thursday,10/20/2011,2745,2878,2811.5,1992,2057,2024.5,,,,,,,4836
Friday,10/21/2011,4531,4714,4622.5,6071,6048,6059.5,,,,,,,10682
Saturday,10/22/2011,3281,3445,3363,4421,4453,4437,,,,,,,7800
Sunday,10/23/2011,2075,2085,2080,2821,2963,2892,,,,,,,4972
Monday,10/24/2011,3746,3884,3815,5422,5506,5464,,,,,,,9279
Tuesday,10/25/2011,4038,4180,4109,5598,5605,5601.5,,,,,,,9710.5
Wednesday,10/26/2011,3794,3958,3876,5217,5417,5317,,,,,,,9193
Thursday,10/27/2011,3866,3910,3888,5236,5315,5275.5,,,,,,,9163.5
Friday,10/28/2011,4663,4809,4736,6216,6064,6140,,,,,,,10876
Saturday,10/29/2011,2343,2503,2423,3054,3038,3046,,,,,,,5469
Sunday,10/30/2011,2162,2230,2196,2941,2941,2941,,,,,,,5137
Monday,10/31/2011,4073,4284,4178.5,5565,5428,5496.5,,,,,,,9675
Tuesday,11/01/2011,3839,4085,3962,4046,3952,3999,887,937,912,,,,8873
Wednesday,11/02/2011,3716,3917,3816.5,5548,5383,5465.5,1057,1116,1086.5,,,,10368.5
Thursday,11/03/2011,3851,3961,3906,5642,5511,5576.5,1142,1198,1170,,,,10652.5
Friday,11/04/2011,4461,4632,4546.5,6108,6026,6067,1357,1412,1384.5,,,,11998
Saturday,11/05/2011,3515,3642,3578.5,4329,4233,4281,760,801,780.5,,,,8640
Sunday,11/06/2011,2057,2136,2096.5,3358,3323,3340.5,654,682,668,,,,6105
Monday,11/07/2011,3898,4102,4000,5262,5138,5200,1277,1327,1302,,,,10502
Tuesday,11/08/2011,4146,4430,4288,4892,4708,4800,1332,1401,1366.5,,,,10454.5
Wednesday,11/09/2011,3877,4082,3979.5,5456,5351,5403.5,1252,1333,1292.5,,,,10675.5
Thursday,11/10/2011,3627,3810,3718.5,5073,4970,5021.5,1147,1235,1191,,,,9931
Friday,11/11/2011,4295,4487,4391,6020,5908,5964,1521,1605,1563,,,,11918
Saturday,11/12/2011,3578,3748,3663,4405,4394,4399.5,1022,1110,1066,,,,9128.5
Sunday,11/13/2011,2101,2245,2173,742,767,754.5,2908,2896,2902,,,,5829.5
Monday,11/14/2011,3339,3532,3435.5,4229,4181,4205,1335,1389,1362,,,,9002.5
Tuesday,11/15/2011,3642,3806,3724,1199,1281,1240,5169,5019,5094,,,,10058
Wednesday,11/16/2011,3547,3690,3618.5,5168,5045,5106.5,1365,1428,1396.5,,,,10121.5
Thursday,11/17/2011,4018,4056,4037,5270,5242,5256,1443,1521,1482,,,,10775
Friday,11/18/2011,4797,4598,4697.5,5760,5724,5742,1561,1627,1594,,,,12033.5
Saturday,11/19/2011,3390,3583,3486.5,4323,4302,4312.5,1137,1189,1163,,,,8962
Sunday,11/20/2011,2101,2204,2152.5,2916,2926,2921,757,804,780.5,,,,5854
Monday,11/21/2011,3503,3680,3591.5,4946,4856,4901,1351,1378,1364.5,,,,9857
Tuesday,11/22/2011,3186,3597,3391.5,4453,4535,4494,1179,1310,1244.5,,,,9130
Wednesday,11/23/2011,4001,4121,4061,4940,4845,4892.5,1304,1368,1336,,,,10289.5
Thursday,11/24/2011,523,528,525.5,588,574,581,166,181,173.5,,,,1280
Friday,11/25/2011,3604,3756,3680,3921,3855,3888,1174,1211,1192.5,,,,8760.5
Saturday,11/26/2011,2949,3108,3028.5,3486,3430,3458,947,990,968.5,,,,7455
Sunday,11/27/2011,2122,2242,2182,2447,2434,2440.5,783,823,803,,,,5425.5
Monday,11/28/2011,3692,3953,3822.5,4489,4414,4451.5,1414,1505,1459.5,,,,9733.5
Tuesday,11/29/2011,3217,3478,3347.5,4641,4610,4625.5,1266,1362,1314,,,,9287
Wednesday,11/30/2011,3750,3914,3832,5121,4985,5053,1622,1722,1672,,,,10557
Thursday,12/01/2011,3725,3897,3811,5728,5625,5676.5,1621,1703,1662,,,,11149.5
Friday,12/02/2011,4449,4744,4596.5,6510,6322,6416,1659,1759,1709,,,,12721.5
Saturday,12/03/2011,3750,3807,3778.5,4842,4764,4803,1127,1202,1164.5,,,,9746
Sunday,12/04/2011,2623,2760,2691.5,3242,3162,3202,905,958,931.5,,,,6825
Monday,12/05/2011,3641,3744,3692.5,5147,5102,5124.5,1529,1575,1552,,,,10369
Tuesday,12/06/2011,3594,3767,3680.5,4907,4852,4879.5,1448,1508,1478,,,,10038
Wednesday,12/07/2011,3159,3516,3337.5,4742,4815,4778.5,1416,1539,1477.5,,,,9593.5
Thursday,12/08/2011,3541,3629,3585,5468,5199,5333.5,1367,1455,1411,,,,10329.5
Friday,12/09/2011,4523,4784,4653.5,6361,6234,6297.5,1617,1673,1645,,,,12596
Saturday,12/10/2011,3099,3204,3151.5,4569,4516,4542.5,1107,1160,1133.5,,,,8827.5
Sunday,12/11/2011,2078,2148,2113,2611,2571,2591,773,822,797.5,,,,5501.5
Monday,12/12/2011,3922,4153,4037.5,5130,5078,5104,1194,1241,1217.5,,,,10359
Tuesday,12/13/2011,3848,3987,3917.5,4987,4872,4929.5,1521,1652,1586.5,,,,10433.5
Wednesday,12/14/2011,3808,3969,3888.5,5117,5080,5098.5,1682,1738,1710,,,,10697
Thursday,12/15/2011,3717,3851,3784,5230,5204,5217,1752,1841,1796.5,,,,10797.5
Friday,12/16/2011,4445,4501,4473,6075,5944,6009.5,2034,2124,2079,,,,12561.5
Saturday,12/17/2011,2967,3135,3051,4077,4039,4058,1269,1313,1291,,,,8400
Sunday,12/18/2011,1904,1949,1926.5,2580,2533,2556.5,813,838,825.5,,,,5308.5
Monday,12/19/2011,3780,3965,3872.5,5035,4985,5010,1758,1775,1766.5,,,,10649
Tuesday,12/20/2011,4100,4237,4168.5,1615,1713,1664,5038,4896,4967,,,,10799.5
Wednesday,12/21/2011,3805,3983,3894,4820,4761,4790.5,1679,1744,1711.5,,,,10396
Thursday,12/22/2011,3852,4031,3941.5,4960,4861,4910.5,1544,1617,1580.5,,,,10432.5
Friday,12/23/2011,4035,4281,4158,4487,4408,4447.5,1512,1598,1555,,,,10160.5
Saturday,12/24/2011,1875,1968,1921.5,1929,1940,1934.5,702,709,705.5,,,,4561.5
Sunday,12/25/2011,,,,,,,,,,,,,0
Monday,12/26/2011,2653,2772,2712.5,2850,2799,2824.5,1147,1158,1152.5,,,,6689.5
Tuesday,12/27/2011,3087,3316,3201.5,3467,3446,3456.5,1186,1271,1228.5,,,,7886.5
Wednesday,12/28/2011,3818,4031,3924.5,4223,4232,4227.5,1625,1680,1652.5,,,,9804.5
Thursday,12/29/2011,3639,3795,3717,4105,3940,4022.5,1460,1508,1484,,,,9223.5
Friday,12/30/2011,4263,4465,4364,4620,4609,4614.5,1683,1778,1730.5,,,,10709
Saturday,12/31/2011,3569,3753,3661,3818,3835,3826.5,1190,1258,1224,,,,8711.5
Sunday,01/01/2012,1450,1555,1502.5,1721,1703,1712,706,744,725,,,,3939.5
Monday,01/02/2012,2969,3134,3051.5,3040,3024,3032,1168,1189,1178.5,,,,7262
Tuesday,01/03/2012,3348,3446,3397,4744,4801,4772.5,1580,1612,1596,,,,9765.5
Wednesday,01/04/2012,3225,3410,3317.5,4553,4533,4543,1649,1681,1665,,,,9525.5
Thursday,01/05/2012,3445,3668,3556.5,4825,4708,4766.5,1685,1740,1712.5,,,,10035.5
Friday,01/06/2012,4456,4640,4548,5860,5850,5855,1897,1979,1938,,,,12341
Saturday,01/07/2012,3026,3255,3140.5,4029,4012,4020.5,1260,1326,1293,,,,8454
Sunday,01/08/2012,1891,1982,1936.5,2178,2219,2198.5,942,991,966.5,,,,5101.5
Monday,01/09/2012,3730,3945,3837.5,5046,4947,4996.5,1744,1817,1780.5,,,,10614.5
Tuesday,01/10/2012,3763,3939,3851,4989,4941,4965,1948,2010,1979,,,,10795
Wednesday,01/11/2012,3836,4102,3969,4873,4815,4844,1880,1981,1930.5,,,,10743.5
Thursday,01/12/2012,3722,3915,3818.5,5026,4887,4956.5,1946,2043,1994.5,,,,10769.5
Friday,01/13/2012,4457,4625,4541,5192,5140,5166,2203,2264,2233.5,,,,11940.5
Saturday,01/14/2012,3182,3275,3228.5,3846,3788,3817,1142,1177,1159.5,,,,8205
Sunday,01/15/2012,2407,2517,2462,2824,2869,2846.5,1021,1057,1039,,,,6347.5
Monday,01/16/2012,2862,2983,2922.5,3358,3309,3333.5,1246,1274,1260,,,,7516
Tuesday,01/17/2012,3888,4102,3995,5140,5062,5101,1870,1939,1904.5,,,,11000.5
Wednesday,01/18/2012,4213,4251,4232,5306,5257,5281.5,1880,1981,1930.5,,,,11444
Thursday,01/19/2012,4262,4441,4351.5,5082,5077,5079.5,1980,2013,1996.5,,,,11427.5
Friday,01/20/2012,4911,5086,4998.5,5954,5867,5910.5,2170,2192,2181,,,,13090
Saturday,01/21/2012,2681,2903,2792,3568,3571,3569.5,1185,1231,1208,,,,7569.5
Sunday,01/22/2012,1886,1971,1928.5,2423,2414,2418.5,956,967,961.5,,,,5308.5
Monday,01/23/2012,3604,3809,3706.5,1731,1815,1773,1731,1815,1773,,,,7252.5
Tuesday,01/24/2012,4353,4554,4453.5,5319,5195,5257,2120,2157,2138.5,,,,11849
Wednesday,01/25/2012,4279,4472,4375.5,5683,5510,5596.5,1973,2058,2015.5,,,,11987.5
Thursday,01/26/2012,4119,4243,4181,5069,4903,4986,1934,1996,1965,,,,11132
Friday,01/27/2012,5048,5286,5167,6127,5653,5890,2123,2250,2186.5,,,,13243.5
Saturday,01/28/2012,3899,4021,3960,5058,4986,5022,1478,1552,1515,,,,10497
Sunday,01/29/2012,2466,2585,2525.5,2999,2998,2998.5,1179,1205,1192,,,,6716
Monday,01/30/2012,4317,4460,4388.5,5310,5267,5288.5,1954,2008,1981,,,,11658
Tuesday,01/31/2012,4463,4668,4565.5,5457,5285,5371,2020,2060,2040,,,,11976.5
Wednesday,02/01/2012,4411,4476,4443.5,5636,5531,5583.5,2065,2142,2103.5,,,,12130.5
Thursday,02/02/2012,4073,4169,4121,5354,5259,5306.5,1952,2041,1996.5,,,,11424
Friday,02/03/2012,4951,5104,5027.5,6577,6474,6525.5,2135,2265,2200,,,,13753
Saturday,02/04/2012,3229,3381,3305,4103,4062,4082.5,1250,1306,1278,,,,8665.5
Sunday,02/05/2012,2153,2218,2185.5,2700,2713,2706.5,947,971,959,,,,5851
Monday,02/06/2012,4082,4312,4197,4901,4785,4843,1827,1893,1860,,,,10900
Tuesday,02/07/2012,3933,4100,4016.5,5325,5247,5286,1965,2038,2001.5,,,,11304
Wednesday,02/08/2012,4085,4286,4185.5,5238,5129,5183.5,1955,2005,1980,,,,11349
Thursday,02/09/2012,4287,4436,4361.5,5343,5270,5306.5,2009,2049,2029,,,,11697
Friday,02/10/2012,4967,5080,5023.5,6686,6496,6591,2223,2322,2272.5,,,,13887
Saturday,02/11/2012,3352,3475,3413.5,4592,4548,4570,1337,1383,1360,,,,9343.5
Sunday,02/12/2012,2255,2346,2300.5,2575,2612,2593.5,1008,1053,1030.5,,,,5924.5
Monday,02/13/2012,3980,4190,4085,5288,5192,5240,1952,2027,1989.5,,,,11314.5
Tuesday,02/14/2012,3942,4143,4042.5,5121,4957,5039,1920,1949,1934.5,,,,11016
Wednesday,02/15/2012,4163,4303,4233,5658,5503,5580.5,2004,2091,2047.5,,,,11861
Thursday,02/16/2012,3982,4206,4094,4997,4905,4951,1749,1805,1777,,,,10822
Friday,02/17/2012,4804,5025,4914.5,6505,6232,6368.5,2273,2416,2344.5,,,,13627.5
Saturday,02/18/2012,3819,3952,3885.5,4622,4524,4573,1445,1539,1492,,,,9950.5
Sunday,02/19/2012,2707,2746,2726.5,2535,2512,2523.5,1253,1335,1294,,,,6544
Monday,02/20/2012,3663,3833,3748,4175,4174,4174.5,1796,1879,1837.5,,,,9760
Tuesday,02/21/2012,4187,4405,4296,5476,5325,5400.5,1928,2033,1980.5,,,,11677
Wednesday,02/22/2012,4207,4376,4291.5,5564,5416,5490,2114,2186,2150,,,,11931.5
Thursday,02/23/2012,4086,4192,4139,5111,5046,5078.5,1975,2063,2019,,,,11236.5
Friday,02/24/2012,4386,4650,4518,6238,6194,6216,2034,2137,2085.5,,,,12819.5
Saturday,02/25/2012,3489,3611,3550,4761,4666,4713.5,1282,1392,1337,,,,9600.5
Sunday,02/26/2012,2424,2481,2452.5,2988,2992,2990,1163,1227,1195,,,,6637.5
Monday,02/27/2012,4033,4299,4166,5239,5106,5172.5,1866,1939,1902.5,,,,11241
Tuesday,02/28/2012,4023,4234,4128.5,5314,5124,5219,1867,1923,1895,,,,11242.5
Wednesday,02/29/2012,3323,3575,3449,4415,4378,4396.5,1766,1858,1812,,,,9657.5
Thursday,03/01/2012,4195,4449,4322,5324,5262,5293,2132,2209,2170.5,,,,11785.5
Friday,03/02/2012,4529,4809,4669,6060,5942,6001,2177,2265,2221,,,,12891
Saturday,03/03/2012,3844,4154,3999,4362,4310,4336,1622,1715,1668.5,,,,10003.5
Sunday,03/04/2012,2335,2428,2381.5,2522,2523,2522.5,1018,1066,1042,,,,5946
Monday,03/05/2012,4140,4254,4197,5102,4972,5037,2023,2117,2070,,,,11304
Tuesday,03/06/2012,4018,4200,4109,5171,5110,5140.5,2147,2221,2184,,,,11433.5
Wednesday,03/07/2012,4238,4303,4270.5,5367,5303,5335,2130,2269,2199.5,,,,11805
Thursday,03/08/2012,4183,4264,4223.5,5578,5517,5547.5,2078,2190,2134,,,,11905
Friday,03/09/2012,4576,4832,4704,6142,5980,6061,2156,2269,2212.5,,,,12977.5
Saturday,03/10/2012,3629,3872,3750.5,4521,4448,4484.5,1437,1521,1479,,,,9714
Sunday,03/11/2012,1723,1751,1737,1861,1858,1859.5,924,951,937.5,,,,4534
Monday,03/12/2012,3824,4044,3934,4900,4739,4819.5,1955,2040,1997.5,,,,10751
Tuesday,03/13/2012,4245,4426,4335.5,5333,5202,5267.5,2070,2118,2094,,,,11697
Wednesday,03/14/2012,4385,4668,4526.5,5554,5337,5445.5,2215,2284,2249.5,,,,12221.5
Thursday,03/15/2012,4259,4428,4343.5,5590,5491,5540.5,2115,2211,2163,,,,12047
Friday,03/16/2012,5044,5189,5116.5,6675,6577,6626,2285,2339,2312,,,,14054.5
Saturday,03/17/2012,5194,5223,5208.5,5993,5878,5935.5,1834,1974,1904,,,,13048
Sunday,03/18/2012,2160,2229,2194.5,2781,2741,2761,1079,1124,1101.5,,,,6057
Monday,03/19/2012,4358,4581,4469.5,5394,5303,5348.5,1988,2092,2040,,,,11858
Tuesday,03/20/2012,4356,4458,4407,5238,5153,5195.5,2025,2104,2064.5,,,,11667
Wednesday,03/21/2012,4093,4165,4129,5577,5538,5557.5,2147,2282,2214.5,,,,11901
Thursday,03/22/2012,4568,4620,4594,5663,5592,5627.5,2120,2187,2153.5,,,,12375
Friday,03/23/2012,5418,5592,5505,7577,7393,7485,2459,2604,2531.5,,,,15521.5
Saturday,03/24/2012,3295,3366,3330.5,3966,3949,3957.5,1352,1416,1384,,,,8672
Sunday,03/25/2012,2487,2536,2511.5,2784,2811,2797.5,1176,1223,1199.5,,,,6508.5
Monday,03/26/2012,4575,4602,4588.5,5400,5286,5343,2232,2240,2236,,,,12167.5
Tuesday,03/27/2012,4180,4276,4228,5588,5476,5532,2100,2151,2125.5,,,,11885.5
Wednesday,03/28/2012,4355,4534,4444.5,5445,5370,5407.5,2197,2265,2231,,,,12083
Thursday,03/29/2012,4454,4672,4563,5398,5334,5366,2076,2150,2113,,,,12042
Friday,03/30/2012,4816,5014,4915,6480,6308,6394,2308,2416,2362,,,,13671
Saturday,03/31/2012,3673,3808,3740.5,4882,4789,4835.5,1494,1545,1519.5,,,,10095.5
Sunday,04/01/2012,2971,3067,3019,3220,3162,3191,1176,1241,1208.5,,,,7418.5
Monday,04/02/2012,4888,4932,4910,5289,5147,5218,2357,2474,2415.5,,,,12543.5
Tuesday,04/03/2012,4960,5134,5047,5665,5532,5598.5,2331,2433,2382,,,,13027.5
Wednesday,04/04/2012,4630,4813,4721.5,5741,5532,5636.5,2215,2339,2277,,,,12635
Thursday,04/05/2012,4451,4690,4570.5,5368,5230,5299,2183,2258,2220.5,,,,12090
Friday,04/06/2012,5469,5611,5540,5536,5502,5519,1919,2003,1961,,,,13020
Saturday,04/07/2012,4208,4341,4274.5,4297,4196,4246.5,1624,1688,1656,,,,10177
Sunday,04/08/2012,2881,2928,2904.5,3006,3007,3006.5,1218,1265,1241.5,,,,7152.5
Monday,04/09/2012,5043,5199,5121,5400,5329,5364.5,2344,2414,2379,,,,12864.5
Tuesday,04/10/2012,4716,4960,4838,5377,5254,5315.5,2101,2193,2147,,,,12300.5
Wednesday,04/11/2012,4660,4845,4752.5,5905,5781,5843,2226,2280,2253,,,,12848.5
Thursday,04/12/2012,4492,4545,4518.5,5734,5644,5689,2111,2191,2151,,,,12358.5
Friday,04/13/2012,5268,5332,5300,6771,6562,6666.5,2299,2431,2365,,,,14331.5
Saturday,04/14/2012,4126,4309,4217.5,5052,4916,4984,1947,2063,2005,,,,11206.5
Sunday,04/15/2012,2614,2746,2680,3570,3524,3547,1345,1423,1384,,,,7611
Monday,04/16/2012,4708,4880,4794,5856,5673,5764.5,2262,2330,2296,,,,12854.5
Tuesday,04/17/2012,4627,4867,4747,5615,5503,5559,2198,2297,2247.5,,,,12553.5
Wednesday,04/18/2012,4344,4581,4462.5,5461,5392,5426.5,2138,2223,2180.5,,,,12069.5
Thursday,04/19/2012,4220,4492,4356,5784,5595,5689.5,2167,2252,2209.5,,,,12255
Friday,04/20/2012,5424,5604,5514,6385,6233,6309,2470,2583,2526.5,,,,14349.5
Saturday,04/21/2012,4238,4327,4282.5,4800,4839,4819.5,1820,1868,1844,,,,10946
Sunday,04/22/2012,1786,1899,1842.5,2165,2168,2166.5,809,861,835,,,,4844
Monday,04/23/2012,4375,4541,4458,5262,5135,5198.5,2114,2184,2149,,,,11805.5
Tuesday,04/24/2012,4373,4560,4466.5,5595,5484,5539.5,2091,2135,2113,,,,12119
Wednesday,04/25/2012,4611,4797,4704,5915,5814,5864.5,2315,2395,2355,,,,12923.5
Thursday,04/26/2012,4288,4515,4401.5,5740,5650,5695,2251,2316,2283.5,,,,12380
Friday,04/27/2012,5583,5663,5623,6605,6422,6513.5,2561,2734,2647.5,,,,14784
Saturday,04/28/2012,3488,3622,3555,4519,4390,4454.5,1448,1534,1491,,,,9500.5
Sunday,04/29/2012,2813,2854,2833.5,3437,3351,3394,1415,1474,1444.5,,,,7672
Monday,04/30/2012,4247,4360,4303.5,5508,5358,5433,2146,2232,2189,,,,11925.5
Tuesday,05/01/2012,4758,4792,4775,5826,5648,5737,2290,2391,2340.5,,,,12852.5
Wednesday,05/02/2012,4337,4623,4480,5548,5391,5469.5,2324,2396,2360,,,,12309.5
Thursday,05/03/2012,4552,4646,4599,5065,4957,5011,2118,2187,2152.5,,,,11762.5
Friday,05/04/2012,5126,5356,5241,6550,6327,6438.5,2421,2564,2492.5,,,,14172
Saturday,05/05/2012,4121,4361,4241,5676,5482,5579,1511,1588,1549.5,,,,11369.5
Sunday,05/06/2012,2812,2805,2808.5,3142,3092,3117,1226,1266,1246,,,,7171.5
Monday,05/07/2012,4601,4666,4633.5,5570,5384,5477,2273,2337,2305,,,,12415.5
Tuesday,05/08/2012,4522,4678,4600,5369,5231,5300,2245,2418,2331.5,,,,12231.5
Wednesday,05/09/2012,4687,4777,4732,5762,5654,5708,2118,2202,2160,,,,12600
Thursday,05/10/2012,4798,4925,4861.5,5683,5500,5591.5,2156,2331,2243.5,,,,12696.5
Friday,05/11/2012,5316,5520,5418,6987,6722,6854.5,2514,2639,2576.5,,,,14849
Saturday,05/12/2012,4476,4235,4355.5,4817,4677,4747,1866,1973,1919.5,,,,11022
Sunday,05/13/2012,2593,2640,2616.5,3025,2936,2980.5,1277,1345,1311,,,,6908
Monday,05/14/2012,4191,4426,4308.5,5535,5312,5423.5,2064,2157,2110.5,,,,11842.5
Tuesday,05/15/2012,4701,4815,4758,6012,5884,5948,2158,2240,2199,,,,12905
Wednesday,05/16/2012,4647,4786,4716.5,6219,6085,6152,2307,2374,2340.5,,,,13209
Thursday,05/17/2012,4754,4791,4772.5,5571,5296,5433.5,2266,2381,2323.5,,,,12529.5
Friday,05/18/2012,5126,5164,5145,6744,6475,6609.5,2702,2813,2757.5,,,,14512
Saturday,05/19/2012,4089,4165,4127,5074,4910,4992,1947,2025,1986,,,,11105
Sunday,05/20/2012,2902,2914,2908,3568,3481,3524.5,1503,1570,1536.5,,,,7969
Monday,05/21/2012,4420,4339,4379.5,5725,5617,5671,2135,2278,2206.5,,,,12257
Tuesday,05/22/2012,5228,5318,5273,6623,6354,6488.5,2480,2567,2523.5,,,,14285
Wednesday,05/23/2012,5024,5028,5026,6244,6132,6188,2405,2463,2434,,,,13648
Thursday,05/24/2012,4867,4819,4843,6438,6244,6341,2580,2671,2625.5,,,,13809.5
Friday,05/25/2012,5995,5974,5984.5,7505,7339,7422,2693,2793,2743,,,,16149.5
Saturday,05/26/2012,3611,3698,3654.5,4910,4751,4830.5,1834,1955,1894.5,,,,10379.5
Sunday,05/27/2012,3734,3663,3698.5,3973,3885,3929,1484,1527,1505.5,,,,9133
Monday,05/28/2012,3170,3202,3186,3642,3502,3572,1883,1950,1916.5,,,,8674.5
Tuesday,05/29/2012,4566,4582,4574,5740,5730,5735,2405,2521,2463,,,,12772
Wednesday,05/30/2012,4753,4858,4805.5,6100,5906,6003,2315,2404,2359.5,,,,13168
Thursday,05/31/2012,4778,4839,4808.5,6049,5829,5939,2504,2572,2538,,,,13285.5
Friday,06/01/2012,4716,4876,4796,6197,5968,6082.5,2347,2420,2383.5,,,,13262
Saturday,06/02/2012,4416,4500,4458,5126,4985,5055.5,2000,2051,2025.5,,,,11539
Sunday,06/03/2012,2622,2611,2616.5,3626,3516,3571,1350,1382,1366,,,,7553.5
Monday,06/04/2012,4758,4841,4799.5,5673,5533,5603,2406,2445,2425.5,520,509,514.5,13342.5
Tuesday,06/05/2012,4739,4785,4762,5916,5765,5840.5,2409,2490,2449.5,574,573,573.5,13625.5
Wednesday,06/06/2012,4835,4909,4872,5600,5415,5507.5,2456,2594,2525,630,625,627.5,13532
Thursday,06/07/2012,3402,3550,3476,4676,4524,4600,2275,2340,2307.5,670,653,661.5,11045
Friday,06/08/2012,5676,5889,5782.5,7016,6747,6881.5,2833,2883,2858,847,842,844.5,16366.5
Saturday,06/09/2012,4832,4809,4820.5,5138,4952,5045,1994,2097,2045.5,987,986,986.5,12897.5
Sunday,06/10/2012,3077,3046,3061.5,3466,3413,3439.5,1457,1542,1499.5,686,696,691,8691.5
Monday,06/11/2012,4557,4610,4583.5,5291,5134,5212.5,2063,2150,2106.5,637,622,629.5,12532
Tuesday,06/12/2012,3774,3983,3878.5,4816,4642,4729,3774,3983,3878.5,525,525,525,13011
Wednesday,06/13/2012,4981,5065,5023,5955,5736,5845.5,2756,2853,2804.5,2012,1987,1999.5,15672.5
Thursday,06/14/2012,5538,5697,5617.5,6651,6391,6521,2699,2840,2769.5,2663,2681,2672,17580
Friday,06/15/2012,6896,6957,6926.5,8326,7853,8089.5,3405,3565,3485,3432,3468,3450,21951
Saturday,06/16/2012,6280,6364,6322,6474,6245,7797,3245,3432,3338.5,4573,4661,4617,22074.5
Sunday,06/17/2012,4071,3945,4008,4908,4898,4903,2219,2317,2268,4001,4090,4045.5,15224.5
Monday,06/18/2012,4832,4874,4853,5590,5330,5460,2296,2373,2334.5,1344,1296,1320,13967.5
Tuesday,06/19/2012,5045,5033,5039,5940,5654,5797,2486,2608,2547,1400,1385,1392.5,14775.5
Wednesday,06/20/2012,4479,4471,4475,5547,5236,5391.5,2310,2318,2314,737,728,732.5,12913
Thursday,06/21/2012,4420,4318,4369,5525,5273,5399,2254,2335,2294.5,579,582,580.5,12643
Friday,06/22/2012,5971,6029,6000,6273,5936,6104.5,2540,2596,2568,931,913,922,15594.5
Saturday,06/23/2012,4396,4487,4441.5,5188,4975,5081.5,1894,1990,1942,1032,1014,1023,12488
Sunday,06/24/2012,2825,2785,2805,3597,3464,3530.5,1479,1583,1531,749,749,749,8615.5
Monday,06/25/2012,4731,4680,4705.5,5706,5429,5567.5,2451,2574,2512.5,791,790,790.5,13576
Tuesday,06/26/2012,4759,4747,4753,6073,5813,5943,2430,2532,2481,920,906,913,14090
Wednesday,06/27/2012,5016,5089,5052.5,5926,5531,5728.5,2668,2746,2707,873,874,873.5,14361.5
Thursday,06/28/2012,4901,4865,4883,5929,5765,5847,2326,2449,2387.5,782,773,777.5,13895
Friday,06/29/2012,5904,5940,5922,6589,6314,6451.5,2338,2349,2343.5,984,981,982.5,15699.5
Saturday,06/30/2012,4246,4274,4260,5121,4894,4559,1573,1642,1607.5,874,897,885.5,11312
Sunday,07/01/2012,2784,2831,2807.5,3055,2854,2954.5,1380,1415,1397.5,604,601,602.5,7762
Monday,07/02/2012,5086,5090,5088,5699,5493,5596,2445,2550,2497.5,800,801,800.5,13982
Tuesday,07/03/2012,5483,5617,5550,5866,5513,5689.5,2492,2667,2579.5,903,891,897,14716
Wednesday,07/04/2012,4274,4260,4267,4404,4261,4332.5,2390,2501,2445.5,1075,1083,1079,12124
Thursday,07/05/2012,4624,4459,4541.5,5635,5493,5564,2120,2227,2173.5,738,743,740.5,13019.5
Friday,07/06/2012,5929,6017,5973,6658,6335,6496.5,2574,2715,2644.5,672,666,669,15783
Saturday,07/07/2012,4470,4508,4489,4477,4343,4410,1709,1796,1752.5,583,536,559.5,11211
Sunday,07/08/2012,2755,2642,2698.5,2932,2881,2906.5,1412,1476,1444,551,554,552.5,7601.5
Monday,07/09/2012,4641,4668,4654.5,5186,5040,5113,2353,2485,2419,844,816,830,13016.5
Tuesday,07/10/2012,4622,4580,4601,5692,5550,5621,2362,2496,2429,851,841,846,13497
Wednesday,07/11/2012,3968,4038,4003,5931,5613,5772,2582,2743,2662.5,660,670,665,13102.5
Thursday,07/12/2012,4152,4292,4222,6206,5848,6027,2331,2459,2395,1017,1010,1013.5,13657.5
Friday,07/13/2012,5168,5338,5253,7141,6708,6924.5,2533,2687,2610,1154,1139,1146.5,15934
Saturday,07/14/2012,3452,3471,3461.5,4887,4835,4861,2026,2102,2064,1039,902,970.5,11357
Sunday,07/15/2012,2925,2904,2914.5,3493,3349,3421,1380,1500,1440,721,743,732,8507.5
Monday,07/16/2012,4454,4537,4495.5,5048,4756,4902,2055,2103,2079,890,854,872,12348.5
Tuesday,07/17/2012,3640,3718,3679,4642,4344,4493,2157,2283,2220,999,1006,1002.5,11394.5
Wednesday,07/18/2012,4551,4657,4604,4469,4205,4337,1793,1871,1832,928,919,923.5,11696.5
Thursday,07/19/2012,4825,4965,4895,4438,4183,4310.5,2206,2312,2259,990,655,822.5,12287
Friday,07/20/2012,5096,5221,5158.5,4173,3920,4046.5,2115,2232,2173.5,1132,1140,1136,12514.5
Saturday,07/21/2012,3547,3738,3642.5,4518,4273,4395.5,1423,1499,1461,731,732,731.5,10230.5
Sunday,07/22/2012,3005,3000,3002.5,4393,4145,4269,872,886,879,800,819,809.5,8960
Monday,07/23/2012,4546,4713,4629.5,4454,4330,4392,1867,1963,1915,838,841,839.5,11776
Tuesday,07/24/2012,4953,5015,4984,4891,4625,4758,2608,2733,2670.5,1021,1015,1018,13430.5
Wednesday,07/25/2012,4890,5046,4968,5074,4890,4982,2469,2719,2594,1095,1082,1088.5,13632.5
Thursday,07/26/2012,4768,4729,4748.5,5221,4953,5087,2306,2440,2373,1052,1042,1047,13255.5
Friday,07/27/2012,5654,5655,5654.5,5973,5591,5782,2789,2922,2855.5,1269,1257,1263,15555
Saturday,07/28/2012,4592,4724,4658,4707,4354,4530.5,1863,1971,1917,1010,1044,1027,12132.5
Sunday,07/29/2012,3037,3181,3109,3432,3211,3321.5,1501,1630,1565.5,647,633,640,8636
Monday,07/30/2012,4759,4975,4867,5030,4802,4916,1983,2151,2067,831,835,833,12683
Tuesday,07/31/2012,4794,4949,4871.5,5168,4854,5011,2209,2359,2284,953,950,951.5,13118
Wednesday,08/01/2012,5140,5296,5218,5224,4958,5091,2423,2559,2491,875,861,868,13668
Thursday,08/02/2012,4826,4871,4848.5,5076,4842,4959,1996,2111,2053.5,999,976,987.5,12848.5
Friday,08/03/2012,5857,5995,5926,6134,5922,6028,2413,2536,2474.5,1247,1231,1239,15667.5
Saturday,08/04/2012,4294,4427,4360.5,4757,4599,4678,1549,1672,1610.5,1094,1097,1095.5,11744.5
Sunday,08/05/2012,2419,2376,2397.5,2994,2852,2923,1142,1240,1191,674,671,672.5,7184
Monday,08/06/2012,4596,4685,4640.5,4849,4711,4780,2258,2342,2300,944,929,936.5,12657
Tuesday,08/07/2012,4801,4998,4899.5,5126,4934,5030,2156,1980,2068,1107,1103,1105,13102.5
Wednesday,08/08/2012,4786,4404,4595,4984,4845,4914.5,2066,2209,2137.5,993,692,842.5,12489.5
Thursday,08/09/2012,4533,4770,4651.5,5083,4893,4988,1983,1987,1985,1048,1057,1052.5,12677
Friday,08/10/2012,5087,5116,5101.5,5294,5148,5221,2600,2410,2505,1298,1307,1302.5,14130
Saturday,08/11/2012,4252,4423,4337.5,4286,4129,4207.5,1732,1626,1679,1051,1047,1049,11273
Sunday,08/12/2012,2627,2637,2632,2884,2750,2817,1436,1493,1464.5,748,749,748.5,7662
Monday,08/13/2012,4729,4849,4789,4941,4740,4840.5,2493,2546,2519.5,963,946,954.5,13103.5
Tuesday,08/14/2012,5173,5169,5171,5118,5008,5063,2104,1967,2035.5,1057,1062,1059.5,13329
Wednesday,08/15/2012,5000,5072,5036,5423,5197,5310,2519,2398,2458.5,1017,1003,1010,13814.5
Thursday,08/16/2012,5248,5235,5241.5,5402,5166,5284,2631,2490,2560.5,1216,1210,1213,14299
Friday,08/17/2012,4789,4815,4802,5800,5502,5651,2740,2560,2650,1141,1121,1131,14234
Saturday,08/18/2012,3916,3942,3929,4767,4669,4718,2036,1963,1999.5,476,502,489,11135.5
Sunday,08/19/2012,1997,1728,1862.5,2756,2701,2728.5,1319,1394,1356.5,593,568,580.5,6528
Monday,08/20/2012,3832,3903,3867.5,5425,5049,5237,2408,2267,2337.5,849,854,851.5,12293.5
Tuesday,08/21/2012,4609,4260,4434.5,5061,4865,4963,2584,2765,2674.5,824,830,827,12899
Wednesday,08/22/2012,4789,4805,4797,5475,5249,5362,2784,2728,2756,846,831,838.5,13753.5
Thursday,08/23/2012,4867,4864,4865.5,6045,5824,5934.5,2906,2701,2803.5,1017,1006,1011.5,14615
Friday,08/24/2012,5576,5320,5448,6311,6099,6205,2946,2935,2940.5,1272,1245,1258.5,15852
Saturday,08/25/2012,4055,4169,4112,4240,4125,4182.5,1808,1825,1816.5,976,951,963.5,11074.5
Sunday,08/26/2012,2166,2210,2188,2501,2494,2497.5,1159,1260,1209.5,532,547,539.5,6434.5
Monday,08/27/2012,4702,4711,4706.5,5593,5479,5536,2046,1947,1996.5,910,921,915.5,13154.5
Tuesday,08/28/2012,4581,4608,4594.5,5791,5513,5652,1958,1792,1875,922,912,917,13038.5
Wednesday,08/29/2012,4920,4967,4943.5,6308,6022,6165,2651,2470,2560.5,937,916,926.5,14595.5
Thursday,08/30/2012,3836,3858,3847,3440,3075,3257.5,2245,2167,2206,640,642,641,9951.5
Friday,08/31/2012,3363,3438,3400.5,3738,3662,3700,2815,2768,2791.5,782,790,786,10678
Saturday,09/01/2012,3012,3097,3054.5,2468,2411,2439.5,2031,1949,1990,956,936,946,8430
Sunday,09/02/2012,1649,1698,1673.5,1622,1588,1605,1083,1144,1113.5,810,828,819,5211
Monday,09/03/2012,2131,2151,2141,1901,1820,1860.5,1445,1424,1434.5,431,425,428,5864
Tuesday,09/04/2012,3935,3960,3947.5,5683,5577,5630,2220,2001,2110.5,815,793,804,12492
Wednesday,09/05/2012,4504,4531,4517.5,6104,5797,5950.5,2451,2139,2295,838,828,833,13596
Thursday,09/06/2012,4632,4072,4352,5927,5702,5814.5,2280,2363,2321.5,714,715,714.5,13202.5
Friday,09/07/2012,5763,5672,5717.5,7127,6887,7007,2722,2655,2688.5,1305,1297,1301,16714
Saturday,09/08/2012,4138,4075,4106.5,4824,4656,4740,1887,1740,1813.5,1348,1338,1343,12003
Sunday,09/09/2012,2364,2349,2356.5,3568,3375,3471.5,1285,1323,1304,911,910,910.5,8042.5
Monday,09/10/2012,4748,4724,4736,5864,5688,5776,2430,2417,2423.5,849,836,842.5,13778
Tuesday,09/11/2012,4563,4669,4616,5500,5307,5403.5,2610,2403,2506.5,1020,1001,1010.5,13536.5
Wednesday,09/12/2012,4580,4627,4603.5,5737,5520,5628.5,2696,2566,2631,1007,1009,1008,13871
Thursday,09/13/2012,4558,4584,4571,5695,5432,5563.5,2508,2283,2395.5,1067,1056,1061.5,13591.5
Friday,09/14/2012,5522,5611,5566.5,6549,6309,6429,2732,2573,2652.5,821,816,818.5,15466.5
Saturday,09/15/2012,4535,4513,4524,4967,4730,4848.5,2169,2114,2141.5,1189,1157,1173,12687
Sunday,09/16/2012,2313,2283,2298,2798,2671,2734.5,1382,1246,1314,645,639,642,6988.5
Monday,09/17/2012,4331,4406,4368.5,5187,5060,5123.5,2467,2329,2398,821,811,816,12706
Tuesday,09/18/2012,3721,3836,3778.5,4683,4624,4653.5,1994,1968,1981,616,621,618.5,11031.5
Wednesday,09/19/2012,4705,4777,4741,5776,5548,5662,2614,2270,2442,862,851,856.5,13701.5
Thursday,09/20/2012,4547,4635,4591,5802,5532,5667,2580,2490,2535,793,784,788.5,13581.5
Friday,09/21/2012,5457,5587,5522,6396,5998,6197,2766,2943,2854.5,1128,1106,1117,15690.5
Saturday,09/22/2012,3703,3863,3783,4312,4176,4244,2120,2021,2070.5,1057,1042,1049.5,11147
Sunday,09/23/2012,2732,2877,2804.5,3499,3378,3438.5,1510,1383,1446.5,870,861,865.5,8555
Monday,09/24/2012,4598,4847,4722.5,5695,5425,5560,2694,2522,2608,957,940,948.5,13839
Tuesday,09/25/2012,4376,4341,4358.5,5542,5454,5498,2472,2310,2391,1023,1008,1015.5,13263
Wednesday,09/26/2012,4635,4723,4679,5766,5478,5622,2600,2509,2554.5,896,886,891,13746.5
Thursday,09/27/2012,4848,4930,4889,6343,6024,6183.5,2765,2744,2754.5,1129,1129,1129,14956
Friday,09/28/2012,4950,5023,4986.5,7115,6843,6979,2656,2783,2719.5,1266,1238,1252,15937
Saturday,09/29/2012,4170,4197,4183.5,4729,4479,4604,1601,1485,1543,1390,1383,1386.5,11717
Sunday,09/30/2012,2462,2510,2486,3104,2987,3045.5,1382,1400,1391,1021,1011,1016,7938.5
Monday,10/01/2012,4536,4571,4553.5,5813,5545,5679,2440,2234,2337,849,843,846,13415.5
Tuesday,10/02/2012,3867,4018,3942.5,5069,4920,4994.5,2006,1928,1967,723,731,727,11631
Wednesday,10/03/2012,4445,4543,4494,5827,5573,5700,2291,2251,2271,987,978,982.5,13447.5
Thursday,10/04/2012,4506,4544,4525,5652,5480,5566,2537,2462,2499.5,988,977,982.5,13573
Friday,10/05/2012,4791,4910,4850.5,7632,7368,7500,2698,2573,2635.5,1139,1140,1139.5,16125.5
Saturday,10/06/2012,4505,4622,4563.5,4434,4363,4398.5,1971,1891,1931,870,864,867,11760
Sunday,10/07/2012,1937,1922,1929.5,2519,2453,2486,1064,1012,1038,700,676,688,6141.5
Monday,10/08/2012,3966,4111,4038.5,4814,4745,4779.5,2282,2168,2225,1091,1106,1098.5,12141.5
Tuesday,10/09/2012,4198,4367,4282.5,5418,5247,5332.5,2297,2154,2225.5,913,907,910,12750.5
Wednesday,10/10/2012,4661,4756,4708.5,5675,5443,5559,2607,2492,2549.5,875,866,870.5,13687.5
Thursday,10/11/2012,4345,4473,4409,5591,5380,5485.5,2524,2541,2532.5,879,872,875.5,13302.5
Friday,10/12/2012,5164,5255,5209.5,6518,6337,6427.5,2733,2607,2670,1029,1028,1028.5,15335.5
Saturday,10/13/2012,1775,1811,1793,3591,3435,3513,1308,1277,1292.5,773,792,782.5,7381
Sunday,10/14/2012,2214,2325,2269.5,3039,2899,2969,1269,1079,1174,791,735,763,7175.5
Monday,10/15/2012,3901,4140,4020.5,5446,5313,5379.5,2401,2201,2301,767,752,759.5,12460.5
Tuesday,10/16/2012,3770,4021,3895.5,5644,5356,5500,2033,1834,1933.5,711,719,715,12044
Wednesday,10/17/2012,4117,4370,4243.5,6042,5796,5919,2368,2287,2327.5,979,974,976.5,13466.5
Thursday,10/18/2012,4080,4354,4217,6190,5796,5993,2361,2396,2378.5,907,899,903,13491.5
Friday,10/19/2012,4488,4770,4629,6251,6018,6134.5,2672,2466,2569,991,981,986,14318.5
Saturday,10/20/2012,3010,3236,3123,5272,4968,5120,1853,1997,1925,1082,1081,1081.5,11249.5
Sunday,10/21/2012,2117,2187,2152,2858,2789,2823.5,1387,1259,1323,663,664,663.5,6962
Monday,10/22/2012,4341,4528,4434.5,5596,5416,5506,2428,2173,2300.5,762,763,762.5,13003.5
Tuesday,10/23/2012,4304,4406,4355,5773,5482,5627.5,2500,2402,2451,941,950,945.5,13379
Wednesday,10/24/2012,4265,4365,4315,5953,5754,5853.5,2533,2339,2436,910,925,917.5,13522
Thursday,10/25/2012,4227,4277,4252,5816,5570,5693,2283,2311,2297,914,921,917.5,13159.5
Friday,10/26/2012,4759,5046,4902.5,5827,5563,5695,2614,2741,2677.5,1133,1120,1126.5,14401.5
Saturday,10/27/2012,3814,3917,3865.5,4669,4482,4575.5,2104,2189,2146.5,1028,1029,1028.5,11616
Sunday,10/28/2012,1836,1896,1866,2435,2385,2410,978,1042,1010,408,407,407.5,5693.5
Monday,10/29/2012,0,0,0,0,0,0,0,0,0,0,0,0,
Tuesday,10/30/2012,0,0,0,0,0,0,0,0,0,0,0,0,
Wednesday,10/31/2012,4139,4219,4179,5152,4927,5039.5,2439,2483,2461,742,745,743.5,
Thursday,11/01/2012,3862,3969,3915.5,5435,5234,5334.5,2309,2381,2345,603,612,607.5,
Friday,11/02/2012,4544,4700,4622,5491,5233,5362,2650,2789,2719.5,903,896,899.5,
Saturday,11/03/2012,3633,3806,3719.5,4044,3857,3950.5,1635,1735,1685,811,833,822,
Sunday,11/04/2012,1848,1854,1851,2323,2295,2309,1093,1167,1130,517,522,519.5,
Monday,11/05/2012,4011,3999,4005,4782,4732,4757,2255,2339,2297,1139,1118,1128.5,
Tuesday,11/06/2012,3709,3806,3757.5,4303,4196,4249.5,1907,1979,1943,682,691,686.5,
Wednesday,11/07/2012,3546,3654,3600,4065,3891,3978,2266,2327,2296.5,746,736,741,
Thursday,11/08/2012,3557,3695,3626,4485,4256,4370.5,2220,2317,2268.5,841,852,846.5,
Friday,11/09/2012,4905,5017,4961,5913,5585,5749,2794,2928,2861,1014,1030,1022,
Saturday,11/10/2012,3658,3779,3718.5,4229,4115,4172,1727,1826,1776.5,881,877,879,
Sunday,11/11/2012,2065,2123,2094,2572,2548,2560,1089,1158,1123.5,621,620,620.5,
Monday,11/12/2012,3816,3978,3897,4195,4060,4127.5,2312,2392,2352,889,896,892.5,
Tuesday,11/13/2012,3608,3736,3672,4862,4697,4779.5,2264,2382,2323,671,681,676,
Wednesday,11/14/2012,4061,4110,4085.5,4914,4767,4840.5,2252,2323,2287.5,695,695,695,
Thursday,11/15/2012,3929,4039,3984,5028,4864,4946,2433,2499,2466,746,723,734.5,
Friday,11/16/2012,4975,5138,5056.5,5959,5752,5855.5,2517,2669,2593,1040,1026,1033,
Saturday,11/17/2012,3515,3584,3549.5,4227,4016,4121.5,1418,1483,1450.5,1001,1003,1002,
Sunday,11/18/2012,1837,1848,1842.5,2485,2452,2468.5,1037,1137,1087,511,509,510,
Monday,11/19/2012,3968,4071,4019.5,4733,4506,4619.5,2272,2368,2320,730,728,729,
Tuesday,11/20/2012,3878,4025,3951.5,4787,4590,4688.5,2014,2112,2063,809,800,804.5,
Wednesday,11/21/2012,3974,4100,4037,4743,4441,4592,2195,2314,2254.5,768,758,763,
Thursday,11/22/2012,0,0,0,0,0,0,0,0,0,0,0,0,
Friday,11/23/2012,3777,3902,3839.5,3734,3566,3650,1756,1828,1792,837,838,837.5,
Saturday,11/24/2012,2547,2546,2546.5,2921,2950,2935.5,1260,1322,1291,636,646,641,
Sunday,11/25/2012,1578,1623,1600.5,2162,2168,2165,1002,1055,1028.5,386,385,385.5,
Monday,11/26/2012,3861,3901,3881,4644,4531,4587.5,2094,2217,2155.5,588,599,593.5,
Tuesday,11/27/2012,3255,3386,3320.5,4374,4251,4312.5,1923,2078,2000.5,562,562,562,
Wednesday,11/28/2012,3953,4062,4007.5,4825,4592,4708.5,2426,2541,2483.5,648,650,649,
Thursday,11/29/2012,3766,3973,3869.5,4792,4570,4681,2014,2144,2079,711,701,706,
Friday,11/30/2012,4593,4811,4702,5966,5719,5842.5,2559,2748,2653.5,892,896,894,
Saturday,12/01/2012,3111,3288,3199.5,3501,3388,3444.5,1830,1912,1871,945,950,947.5,
Sunday,12/02/2012,1768,1866,1817,2404,2271,2337.5,1176,1214,1195,555,559,557,
Monday,12/03/2012,3711,3721,3716,5077,4939,5008,1971,2110,2040.5,706,711,708.5,
Tuesday,12/04/2012,3724,3885,3804.5,4718,4548,4633,2235,2359,2297,681,685,683,
Wednesday,12/05/2012,3506,3637,3571.5,4498,4195,4346.5,2190,2304,2247,676,679,677.5,
Thursday,12/06/2012,4043,4148,4095.5,5246,5122,5184,2394,2622,2508,779,778,778.5,
Friday,12/07/2012,4408,4413,4410.5,4500,4448,4474,2301,2421,2361,862,882,872,
Saturday,12/08/2012,3926,4022,3974,4555,4319,4437,1954,2069,2011.5,888,889,888.5,
Sunday,12/09/2012,2071,2009,2040,2037,2084,2060.5,1008,1081,1044.5,375,369,372,
Monday,12/10/2012,3729,3657,3693,4237,4250,4243.5,2068,2199,2133.5,630,631,630.5,
Tuesday,12/11/2012,3729,3645,3687,4627,4572,4599.5,2225,2337,2281,648,645,646.5,
Wednesday,12/12/2012,3831,3898,3864.5,5145,4920,5032.5,2474,2597,2535.5,696,700,698,
Thursday,12/13/2012,3724,3660,3692,5173,5157,5165,2354,2491,2422.5,613,622,617.5,
Friday,12/14/2012,4407,4470,4438.5,5192,4785,4988.5,2403,2592,2497.5,668,578,623,
Saturday,12/15/2012,3380,3414,3397,4064,4003,4033.5,1590,1729,1659.5,898,787,842.5,
Sunday,12/16/2012,1607,1714,1660.5,2533,2429,2481,1124,1714,1419,466,472,469,
Monday,12/17/2012,3823,3775,3799,4914,4940,4927,2065,2158,2111.5,689,680,684.5,
Tuesday,12/18/2012,3684,3773,3728.5,5336,5070,5203,2399,2547,2473,763,751,757,
Wednesday,12/19/2012,3909,3951,3930,4958,4753,4855.5,2275,2430,2352.5,740,733,736.5,
Thursday,12/20/2012,3310,3417,3363.5,4906,4722,4814,2010,2149,2079.5,658,652,655,
Friday,12/21/2012,3677,3835,3756,5546,5408,5477,2198,2390,2294,697,679,688,
Saturday,12/22/2012,2869,2964,2916.5,2552,2584,2568,1385,1463,1424,494,500,497,
Sunday,12/23/2012,1995,2097,2046,1950,1991,1970.5,976,1052,1014,472,482,477,
Monday,12/24/2012,2013,2017,2015,2043,2072,2057.5,1033,1063,1048,357,349,353,
Tuesday,12/25/2012,,,,,,,,,,,,,
Wednesday,12/26/2012,2099,2290,2194.5,2730,2694,2712,1147,1237,1192,314,319,316.5,
Thursday,12/27/2012,3043,3152,3097.5,3461,3374,3417.5,1817,1854,1835.5,525,512,518.5,
Friday,12/28/2012,4001,4165,4083,4404,4249,4326.5,1974,2072,2023,668,671,669.5,
Saturday,12/29/2012,2504,2560,2532,2560,2513,2536.5,1327,1393,1360,449,451,450,
Sunday,12/30/2012,1875,1856,1865.5,2161,2177,2169,997,1022,1009.5,333,319,326,
Monday,12/31/2012,4159,4025,4092,4911,4960,4935.5,1925,2053,1989,615,621,618,
Tuesday,01/01/2013,1891,1884,1887.5,1901,1860,1880.5,982,1022,1002,317,311,314,
Wednesday,01/02/2013,3856,4005,3930.5,4320,4289,4304.5,1978,2063,2020.5,607,605,606,
Thursday,01/03/2013,3946,4070,4008,4461,4288,4374.5,2164,2262,2213,655,669,662,
Friday,01/04/2013,4168,4261,4214.5,4966,4823,4894.5,2184,2303,2243.5,786,782,784,
Saturday,01/05/2013,2814,2959,2886.5,3105,3009,3057,1216,1248,1232,458,468,463,
Sunday,01/06/2013,1961,2008,1984.5,2041,2007,2024,929,994,961.5,473,467,470,
Monday,01/07/2013,3576,3649,3612.5,5224,4924,5074,2147,2287,2217,632,631,631.5,
Tuesday,01/08/2013,3665,3797,3731,4321,4268,4294.5,2233,2398,2315.5,633,631,632,
Wednesday,01/09/2013,3701,3666,3683.5,4361,4368,4364.5,2174,2325,2249.5,650,653,651.5,
Thursday,01/10/2013,3961,3952,3956.5,3548,3588,3568,2192,2321,2256.5,728,723,725.5,
Friday,01/11/2013,4106,4122,4114,4718,4840,4779,2123,2239,2181,741,747,744,
Saturday,01/12/2013,2407,2557,2482,3845,3662,3753.5,1616,1782,1699,735,748,741.5,
Sunday,01/13/2013,1804,1786,1795,2025,2056,2040.5,1215,1272,1243.5,387,401,394,
Monday,01/14/2013,3450,3568,3509,4304,4392,4348,2168,2319,2243.5,647,641,644,
Tuesday,01/15/2013,3818,3898,3858,4586,4554,4570,2277,2326,2301.5,610,609,609.5,
Wednesday,01/16/2013,3655,3749,3702,4379,4227,4303,2299,2401,2350,579,589,584,
Thursday,01/17/2013,3861,3985,3923,4676,4357,4516.5,2236,2360,2298,671,678,674.5,
Friday,01/18/2013,4476,4592,4534,5464,5126,5295,2209,2336,2272.5,714,720,717,
Saturday,01/19/2013,3324,3452,3388,3229,2980,3104.5,1656,1752,1704,806,807,806.5,
Sunday,01/20/2013,2456,2384,2420,2772,2846,2809,1248,1284,1266,550,698,624,
Monday,01/21/2013,2407,2316,2361.5,2828,2820,2824,1621,1729,1675,473,473,473,
Tuesday,01/22/2013,3515,3511,3513,4060,3997,4028.5,2195,2251,2223,528,527,527.5,
Wednesday,01/23/2013,3073,3108,3090.5,4118,4113,4115.5,2247,2277,2262,516,524,520,
Thursday,01/24/2013,3048,3145,3096.5,4190,4210,4200,2177,2237,2207,614,615,614.5,
Friday,01/25/2013,3473,3583,3528,5106,5049,5077.5,2300,2310,2305,696,699,697.5,
Saturday,01/26/2013,2968,3093,3030.5,3906,3733,3819.5,1246,1328,1287,540,554,547,
Sunday,01/27/2013,1877,1720,1798.5,2188,2319,2253.5,1353,1414,1383.5,402,412,407,
Monday,01/28/2013,3600,3679,3639.5,4444,4449,4446.5,2216,2343,2279.5,601,613,607,
Tuesday,01/29/2013,3691,3605,3648,5258,5036,5147,2345,2490,2417.5,698,697,697.5,
Wednesday,01/30/2013,3625,3646,3635.5,4602,4387,4494.5,2418,2553,2485.5,671,671,671,
Thursday,01/31/2013,3521,3574,3547.5,4495,4364,4429.5,2379,2470,2424.5,675,684,679.5,
Friday,02/01/2013,4026,4151,4088.5,5412,5273,5342.5,2465,2570,2517.5,723,735,729,
Saturday,02/02/2013,2378,2496,2437,3595,3461,3528,1478,1535,1506.5,498,501,499.5,
Sunday,02/03/2013,1795,1797,1796,2195,2245,2220,928,991,959.5,533,540,536.5,
Monday,02/04/2013,3421,3534,3477.5,4134,3958,4046,2211,2236,2223.5,590,586,588,
Tuesday,02/05/2013,3215,3293,3254,4192,4057,4124.5,2439,2470,2454.5,962,986,974,
Wednesday,02/06/2013,3487,3464,3475.5,4391,4054,4222.5,2271,2373,2322,637,631,634,
Thursday,02/07/2013,3398,3505,3451.5,4841,4592,4716.5,2245,2292,2268.5,766,755,760.5,
Friday,02/08/2013,3705,3804,3754.5,5870,5680,5775,2043,2213,2128,717,713,715,
Saturday,02/09/2013,2989,2928,2958.5,3651,3601,3626,1529,1627,1578,557,558,557.5,
Sunday,02/10/2013,1825,1824,1824.5,2523,2573,2548,1286,1322,1304,426,432,429,
Monday,02/11/2013,3502,3575,3538.5,4911,4846,4878.5,2086,2140,2113,576,582,579,
Tuesday,02/12/2013,3398,3386,3392,4455,4177,4316,2254,2367,2310.5,583,569,576,
Wednesday,02/13/2013,3439,3545,3492,5109,4719,4914,2299,2391,2345,822,839,830.5,
Thursday,02/14/2013,3597,3653,3625,5125,4928,5026.5,2325,2478,2401.5,754,756,755,
Friday,02/15/2013,4255,4258,4256.5,5870,5529,5699.5,2784,2880,2832,901,910,905.5,
Saturday,02/16/2013,3142,3276,3209,2810,2716,2763,1408,1444,1426,534,529,531.5,
Sunday,02/17/2013,1937,1896,1916.5,2112,2101,2106.5,1347,1391,1369,389,394,391.5,
Monday,02/18/2013,2887,2821,2854,3374,3340,3357,2002,2064,2033,654,639,646.5,
Tuesday,02/19/2013,3500,3571,3535.5,4456,4355,4405.5,2056,2159,2107.5,617,629,623,
Wednesday,02/20/2013,3374,3491,3432.5,4710,4435,4572.5,2218,2364,2291,614,605,609.5,
Thursday,02/21/2013,3569,3705,3637,4744,4599,4671.5,2432,2534,2483,726,729,727.5,
Friday,02/22/2013,3910,4006,3958,4271,4076,4173.5,2256,2317,2286.5,881,906,893.5,
Saturday,02/23/2013,3456,3669,3562.5,2718,2587,2652.5,1574,1665,1619.5,707,721,714,
Sunday,02/24/2013,2128,2079,2103.5,2388,2189,2288.5,1372,1422,1397,429,433,431,
Monday,02/25/2013,3962,3987,3974.5,5168,4886,5027,2353,2359,2356,749,740,744.5,
Tuesday,02/26/2013,3423,3487,3455,4964,4816,4890,2248,2388,2318,649,655,652,
Wednesday,02/27/2013,3974,4063,4018.5,4914,4547,4730.5,2568,2673,2620.5,656,662,659,
Thursday,02/28/2013,3820,3966,3893,4820,4496,4658,2204,2367,2285.5,694,683,688.5,
Friday,03/01/2013,4506,4449,4477.5,5446,5059,5252.5,2592,2679,2635.5,817,827,822,
