day,date,orangeHeadway,orangeMorningPeak,orangeEveningPeak,purpleHeadway,purpleMorningPeak,purpleEveningPeak,greenHeadway,greenMorningPeak,greenEveningPeak,bannerHeadway,bannerMorningPeak,bannerEveningPeak
Monday,01/11/2010,10:11,,10:10,,,,,,,,,
Tuesday,01/12/2010,12:42,11:58,15:13,,,,,,,,,
Wednesday,01/13/2010,10:56,9:27,12:36,,,,,,,,,
Thursday,01/14/2010,10:31,9:44,11:41,,,,,,,,,
Friday,01/15/2010,10:24,9:17,11:42,,,,,,,,,
Saturday,01/16/2010,10:04,,,,,,,,,,,
Sunday,01/17/2010,10:06,,,,,,,,,,,
Monday,01/18/2010,8:15,,,,,,,,,,,
Tuesday,01/19/2010,10:27,10:18,10:58,,,,,,,,,
Wednesday,01/20/2010,10:37,11:17,10:41,,,,,,,,,
Thursday,01/21/2010,10:19,10:23,10:34,,,,,,,,,
Friday,01/22/2010,10:46,10:24,11:23,,,,,,,,,
Saturday,01/23/2010,10:13,,,,,,,,,,,
Sunday,01/24/2010,10:16,,,,,,,,,,,
Monday,01/25/2010,11:34,11:02,12:06,,,,,,,,,
Tuesday,01/26/2010,11:57,10:21,12:17,,,,,,,,,
Wednesday,01/27/2010,10:20,12:30,13:39,,,,,,,,,
Thursday,01/28/2010,12:30,12:27,12:47,,,,,,,,,
Friday,01/29/2010,12:35,10:51,14:25,,,,,,,,,
Saturday,01/30/2010,11:00,,,,,,,,,,,
Sunday,01/31/2010,12:41,,,,,,,,,,,
Monday,02/01/2010,11:15,11:20,12:57,,,,,,,,,
Tuesday,02/02/2010,12:21,12:42,12:06,,,,,,,,,
Wednesday,02/03/2010,12:40,12:44,14:14,,,,,,,,,
Thursday,02/04/2010,10:55,10:55,11:14,,,,,,,,,
Friday,02/05/2010,11:20,10:32,10:27,,,,,,,,,
Saturday,02/06/2010,,,,,,,,,,,,
Sunday,02/07/2010,,,,,,,,,,,,
Monday,02/08/2010,11:22,,14:56,,,,,,,,,
Tuesday,02/09/2010,9:15,9:12,15:57,,,,,,,,,
Wednesday,02/10/2010,,,,,,,,,,,,
Thursday,02/11/2010,,,,,,,,,,,,
Friday,02/12/2010,9:08,6:37,14:39,,,,,,,,,
Saturday,02/13/2010,8:12,,,,,,,,,,,
Sunday,02/14/2010,9:49,,,,,,,,,,,
Monday,02/15/2010,8:53,8:38,8:28,,,,,,,,,
Tuesday,02/16/2010,11:20,9:33,15:00,,,,,,,,,
Wednesday,02/17/2010,12:46,12:59,13:30,,,,,,,,,
Thursday,02/18/2010,14:22,13:17,14:45,,,,,,,,,
Friday,02/19/2010,13:47,12:54,15:00,,,,,,,,,
Saturday,02/20/2010,16:29,,,,,,,,,,,
Sunday,02/21/2010,13:25,,,,,,,,,,,
Monday,02/22/2010,19:09,17:59,23:19,,,,,,,,,
Tuesday,02/23/2010,19:51,20:58,21:13,,,,,,,,,
Wednesday,02/24/2010,12:33,12:59,12:17,,,,,,,,,
Thursday,02/25/2010,12:50,13:15,12:48,,,,,,,,,
Friday,02/26/2010,13:33,17:25,12:25,,,,,,,,,
Saturday,02/27/2010,10:40,,,,,,,,,,,
Sunday,02/28/2010,10:07,,,,,,,,,,,
Monday,03/01/2010,12:38,12:36,12:17,,,,,,,,,
Tuesday,03/02/2010,11:27,11:51,11:14,,,,,,,,,
Wednesday,03/03/2010,11:52,13:48,11:30,,,,,,,,,
Thursday,03/04/2010,11:36,14:03,11:01,,,,,,,,,
Friday,03/05/2010,10:42,10:34,11:38,,,,,,,,,
Saturday,03/06/2010,11:44,,,,,,,,,,,
Sunday,03/07/2010,10:06,,,,,,,,,,,
Monday,03/08/2010,11:37,12:00,11:09,,,,,,,,,
Tuesday,03/09/2010,10:54,11:05,9:50,,,,,,,,,
Wednesday,03/10/2010,11:49,10:16,16:25,,,,,,,,,
Thursday,03/11/2010,11:55,11:20,12:47,,,,,,,,,
Friday,03/12/2010,11:46,11:16,21:23,,,,,,,,,
Saturday,03/13/2010,9:32,,,,,,,,,,,
Sunday,03/14/2010,10:44,,,,,,,,,,,
Monday,03/15/2010,10:42,12:41,10:41,,,,,,,,,
Tuesday,03/16/2010,11:01,10:10,13:59,,,,,,,,,
Wednesday,03/17/2010,14:03,11:58,19:59,,,,,,,,,
Thursday,03/18/2010,11:35,11:20,13:09,,,,,,,,,
Friday,03/19/2010,11:02,9:45,13:08,,,,,,,,,
Saturday,03/20/2010,12:03,,,,,,,,,,,
Sunday,03/21/2010,11:00,,,,,,,,,,,
Monday,03/22/2010,12:29,12:48,11:43,,,,,,,,,
Tuesday,03/23/2010,10:41,10:57,12:40,,,,,,,,,
Wednesday,03/24/2010,14:46,13:02,19:25,,,,,,,,,
Thursday,03/25/2010,10:50,10:14,15:58,,,,,,,,,
Friday,03/26/2010,10:28,10:28,12:48,,,,,,,,,
Saturday,03/27/2010,10:07,,,,,,,,,,,
Sunday,03/28/2010,8:50,,,,,,,,,,,
Monday,03/29/2010,10:24,9:11,12:39,,,,,,,,,
Tuesday,03/30/2010,11:00,10:24,14:44,,,,,,,,,
Wednesday,03/31/2010,11:42,9:54,17:06,,,,,,,,,
Thursday,04/01/2010,11:15,10:30,14:04,,,,,,,,,
Friday,04/02/2010,11:45,10:26,24:13:00,,,,,,,,,
Saturday,04/03/2010,10:05,,,,,,,,,,,
Sunday,04/04/2010,11:15,,,,,,,,,,,
Monday,04/05/2010,11:13,11:00,14:30,,,,,,,,,
Tuesday,04/06/2010,14:25,13:15,18:44,,,,,,,,,
Wednesday,04/07/2010,14:33,24:52:00,11:39,,,,,,,,,
Thursday,04/08/2010,11:28,10:45,12:50,,,,,,,,,
Friday,04/09/2010,11:47,10:35,13:54,,,,,,,,,
Saturday,04/10/2010,9:59,,,,,,,,,,,
Sunday,04/11/2010,9:48,,,,,,,,,,,
Monday,04/12/2010,11:11,10:22,12:46,,,,,,,,,
Tuesday,04/13/2010,11:04,10:13,13:52,,,,,,,,,
Wednesday,04/14/2010,10:21,10:12,11:24,,,,,,,,,
Thursday,04/15/2010,10:37,9:50,13:09,,,,,,,,,
Friday,04/16/2010,10:56,10:25,13:43,,,,,,,,,
Saturday,04/17/2010,9:43,,,,,,,,,,,
Sunday,04/18/2010,8:51,,,,,,,,,,,
Monday,04/19/2010,9:28,,,,,,,,,,,
Tuesday,04/20/2010,10:06,11:03,9:15,,,,,,,,,
Wednesday,04/21/2010,10:53,10:00,14:11,,,,,,,,,
Thursday,04/22/2010,10:40,10:46,11:40,,,,,,,,,
Friday,04/23/2010,11:02,10:06,13:09,,,,,,,,,
Saturday,04/24/2010,10:46,,,,,,,,,,,
Sunday,04/25/2010,9:32,,,,,,,,,,,
Monday,04/26/2010,11:13,11:56,12:49,,,,,,,,,
Tuesday,04/27/2010,10:29,10:19,13:54,,,,,,,,,
Wednesday,04/28/2010,11:52,11:46,14:36,,,,,,,,,
Thursday,04/29/2010,10:46,10:59,12:54,,,,,,,,,
Friday,04/30/2010,11:52,9:03,15:06,,,,,,,,,
Saturday,05/01/2010,11:07,,,,,,,,,,,
Sunday,05/02/2010,9:59,,,,,,,,,,,
Monday,05/03/2010,11:27,11:41,11:46,,,,,,,,,
Tuesday,05/04/2010,12:51,12:49,11:53,,,,,,,,,
Wednesday,05/05/2010,12:49,12:17,13:36,,,,,,,,,
Thursday,05/06/2010,12:22,12:23,12:35,,,,,,,,,
Friday,05/07/2010,10:57,11:16,10:47,,,,,,,,,
Saturday,05/08/2010,9:44,,,,,,,,,,,
Sunday,05/09/2010,8:40,,,,,,,,,,,
Monday,05/10/2010,10:06,11:38,10:40,,,,,,,,,
Tuesday,05/11/2010,9:30,10:20,10:38,,,,,,,,,
Wednesday,05/12/2010,10:51,12:25,11:55,,,,,,,,,
Thursday,05/13/2010,10:53,10:20,11:57,,,,,,,,,
Friday,05/14/2010,10:55,8:53,11:31,,,,,,,,,
Saturday,05/15/2010,11:43,,,,,,,,,,,
Sunday,05/16/2010,15:23,,,,,,,,,,,
Monday,05/17/2010,10:33,9:46,13:28,,,,,,,,,
Tuesday,05/18/2010,12:16,13:25,13:12,,,,,,,,,
Wednesday,05/19/2010,9:56,9:04,13:28,,,,,,,,,
Thursday,05/20/2010,11:13,12:03,11:06,,,,,,,,,
Friday,05/21/2010,11:42,10:52,13:27,,,,,,,,,
Saturday,05/22/2010,10:05,,,,,,,,,,,
Sunday,05/23/2010,9:00,,,,,,,,,,,
Monday,05/24/2010,10:36,9:46,13:09,,,,,,,,,
Tuesday,05/25/2010,12:31,11:50,15:08,,,,,,,,,
Wednesday,05/26/2010,10:37,10:40,10:46,,,,,,,,,
Thursday,05/27/2010,12:43,13:37,14:34,,,,,,,,,
Friday,05/28/2010,10:55,10:07,12:21,,,,,,,,,
Saturday,05/29/2010,11:39,,,,,,,,,,,
Sunday,05/30/2010,10:18,,,,,,,,,,,
Monday,05/31/2010,9:55,,,,,,,,,,,
Tuesday,06/01/2010,14:18,17:33,11:17,,,,,,,,,
Wednesday,06/02/2010,13:06,13:45,18:06,,,,,,,,,
Thursday,06/03/2010,12:10,12:29,12:36,,,,,,,,,
Friday,06/04/2010,15:11,15:49,22:44,,,,,,,,,
Saturday,06/05/2010,11:20,,,,,,,,,,,
Sunday,06/06/2010,13:01,,,,,,,,,,,
Monday,06/07/2010,10:08,9:32,10:37,9:17,8:35,9:33,,,,,,
Tuesday,06/08/2010,12:48,13:55,12:59,10:25,10:02,10:49,,,,,,
Wednesday,06/09/2010,11:12,11:36,10:41,11:12,10:51,10:58,,,,,,
Thursday,06/10/2010,13:28,11:34,13:40,12:13,11:06,13:13,,,,,,
Friday,06/11/2010,12:30,11:21,13:37,12:50,10:39,14:06,,,,,,
Saturday,06/12/2010,12:56,,,11:31,,,,,,,,
Sunday,06/13/2010,13:29,,,13:17,,,,,,,,
Monday,06/14/2010,13:20,10:40,15:22,12:42,10:23,17:38,,,,,,
Tuesday,06/15/2010,14:52,14:17,15:41,11:01,9:35,14:19,,,,,,
Wednesday,06/16/2010,13:59,9:52,16:17,11:51,12:04,13:52,,,,,,
Thursday,06/17/2010,17:41,14:44,29:45:00,15:55,13:13,20:58,,,,,,
Friday,06/18/2010,16:41,14:28,15:09,13:42,10:20,17:06,,,,,,
Saturday,06/19/2010,12:38,,,12:07,,,,,,,,
Sunday,06/20/2010,14:59,,,11:20,,,,,,,,
Monday,06/21/2010,14:41,11:52,15:55,12:03,9:42,15:51,,,,,,
Tuesday,06/22/2010,15:12,12:20,23:25,12:08,10:35,14:49,,,,,,
Wednesday,06/23/2010,14:58,12:05,18:13,14:28,13:22,14:10,,,,,,
Thursday,06/24/2010,15:33,14:21,18:54,14:05,12:12,16:56,,,,,,
Friday,06/25/2010,12:10,11:35,14:17,11:34,10:59,11:51,,,,,,
Saturday,06/26/2010,12:06,,,11:40,,,,,,,,
Sunday,06/27/2010,12:19,,,12:21,,,,,,,,
Monday,06/28/2010,15:18,14:08,16:23,10:50,10:09,10:21,,,,,,
Tuesday,06/29/2010,14:08,12:55,14:50,13:33,11:56,13:43,,,,,,
Wednesday,06/30/2010,14:19,12:03,13:17,16:49,13:37,20:37,,,,,,
Thursday,07/01/2010,15:50,16:58,18:13,14:32,11:53,18:02,,,,,,
Friday,07/02/2010,13:43,12:06,14:07,12:25,12:01,15:10,,,,,,
Saturday,07/03/2010,11:37,,,11:15,,,,,,,,
Sunday,07/04/2010,13:37,,,14:00,,,,,,,,
Monday,07/05/2010,12:35,,,9:19,,,,,,,,
Tuesday,07/06/2010,15:10,14:10,17:03,11:06,8:36,14:19,,,,,,
Wednesday,07/07/2010,13:59,10:22,17:49,12:55,10:08,14:14,,,,,,
Thursday,07/08/2010,12:10,9:42,17:47,12:29,11:18,18:48,,,,,,
Friday,07/09/2010,13:15,11:37,17:07,12:34,12:53,15:06,,,,,,
Saturday,07/10/2010,12:38,,,11:26,,,,,,,,
Sunday,07/11/2010,10:26,,,10:34,,,,,,,,
Monday,07/12/2010,13:19,14:58,17:50,13:04,11:14,20:37,,,,,,
Tuesday,07/13/2010,13:20,10:13,12:57,12:28,9:18,11:36,,,,,,
Wednesday,07/14/2010,14:28,12:37,16:29,13:41,11:08,13:15,,,,,,
Thursday,07/15/2010,13:31,11:18,13:08,13:59,11:39,17:55,,,,,,
Friday,07/16/2010,21:20,13:13,37:03:00,18:04,10:34,27:03:00,,,,,,
Saturday,07/17/2010,35:54:00,,,17:07,,,,,,,,
Sunday,07/18/2010,27:11:00,,,18:07,,,,,,,,
Monday,07/19/2010,13:15,13:23,12:58,15:10,15:04,15:18,,,,,,
Tuesday,07/20/2010,14:03,12:42,14:27,14:54,13:12,14:55,,,,,,
Wednesday,07/21/2010,13:53,15:10,18:20,13:08,10:43,18:59,,,,,,
Thursday,07/22/2010,14:24,10:22,19:30,14:03,11:09,17:17,,,,,,
Friday,07/23/2010,16:25,12:37,22:39,13:09,10:40,18:57,,,,,,
Saturday,07/24/2010,14:45,,,13:08,,,,,,,,
Sunday,07/25/2010,10:44,,,11:25,,,,,,,,
Monday,07/26/2010,11:26,11:23,11:44,9:50,9:16,9:58,,,,,,
Tuesday,07/27/2010,12:37,12:33,11:45,9:46,8:44,12:14,,,,,,
Wednesday,07/28/2010,11:19,10:13,16:34,10:06,9:18,13:06,,,,,,
Thursday,07/29/2010,13:23,11:16,14:13,11:32,10:42,14:43,,,,,,
Friday,07/30/2010,13:24,10:02,14:17,11:29,9:27,15:15,,,,,,
Saturday,07/31/2010,13:00,,,12:48,,,,,,,,
Sunday,08/01/2010,10:12,,,9:36,,,,,,,,
Monday,08/02/2010,10:42,10:21,13:44,11:43,10:37,13:20,,,,,,
Tuesday,08/03/2010,12:19,9:17,14:46,11:27,10:35,11:56,,,,,,
Wednesday,08/04/2010,12:33,9:59,13:46,11:49,10:49,11:51,,,,,,
Thursday,08/05/2010,11:17,10:19,11:04,12:11,10:48,13:55,,,,,,
Friday,08/06/2010,13:13,9:23,20:18,12:29,9:33,16:39,,,,,,
Saturday,08/07/2010,13:14,,,11:18,,,,,,,,
Sunday,08/08/2010,10:34,,,10:34,,,,,,,,
Monday,08/09/2010,14:17,11:58,13:57,12:46,11:10,13:16,,,,,,
Tuesday,08/10/2010,12:43,10:44,13:36,13:42,12:17,16:51,,,,,,
Wednesday,08/11/2010,14:32,11:10,20:11,13:33,11:48,17:42,,,,,,
Thursday,08/12/2010,16:46,19:10,23:45,14:05,15:31,14:05,,,,,,
Friday,08/13/2010,14:02,14:51,14:09,11:58,12:12,12:20,,,,,,
Saturday,08/14/2010,12:54,,,10:52,,,,,,,,
Sunday,08/15/2010,12:16,,,13:11,,,,,,,,
Monday,08/16/2010,17:04,15:28,22:39,14:10,14:41,14:14,,,,,,
Tuesday,08/17/2010,15:44,15:20,16:45,13:12,11:12,14:18,,,,,,
Wednesday,08/18/2010,,,,,,,,,,,,
Thursday,08/19/2010,,,,,,,,,,,,
Friday,08/20/2010,18:58,16:12,33:32:00,14:25,12:20,17:33,,,,,,
Saturday,08/21/2010,20:53,,,14:41,,,,,,,,
Sunday,08/22/2010,11:43,,,11:30,,,,,,,,
Monday,08/23/2010,13:55,14:04,13:52,12:10,11:39,12:52,,,,,,
Tuesday,08/24/2010,13:00,12:04,15:14,12:42,10:39,16:32,,,,,,
Wednesday,08/25/2010,13:18,13:24,13:58,12:04,13:21,12:02,,,,,,
Thursday,08/26/2010,13:41,13:55,19:30,14:25,13:57,22:44,,,,,,
Friday,08/27/2010,14:24,11:03,14:51,13:11,12:09,13:22,,,,,,
Saturday,08/28/2010,14:11,,,13:47,,,,,,,,
Sunday,08/29/2010,11:05,,,11:09,,,,,,,,
Monday,08/30/2010,14:57,15:47,16:02,13:01,13:31,13:32,,,,,,
Tuesday,08/31/2010,15:55,15:24,15:43,13:00,11:44,17:01,,,,,,
Wednesday,09/01/2010,16:15,12:38,19:23,13:37,12:25,16:34,,,,,,
Thursday,09/02/2010,16:14,13:37,18:50,15:04,18:01,18:56,,,,,,
Friday,09/03/2010,12:36,12:52,12:39,11:09,9:14,12:28,,,,,,
Saturday,09/04/2010,13:03,,,11:44,,,,,,,,
Sunday,09/05/2010,12:32,,,13:02,,,,,,,,
Monday,09/06/2010,12:06,,,13:35,,,,,,,,
Tuesday,09/07/2010,14:56,16:09,16:10,13:37,12:20,14:49,,,,,,
Wednesday,09/08/2010,13:48,11:57,19:19,11:13,10:03,12:39,,,,,,
Thursday,09/09/2010,13:33,12:14,13:43,13:56,10:40,16:21,,,,,,
Friday,09/10/2010,15:08,13:41,15:23,12:45,9:54,16:24,,,,,,
Saturday,09/11/2010,12:43,,,12:47,,,,,,,,
Sunday,09/12/2010,13:35,,,12:41,,,,,,,,
Monday,09/13/2010,15:58,14:44,15:23,12:33,13:07,12:07,,,,,,
Tuesday,09/14/2010,16:41,16:01,15:58,14:33,11:43,17:00,,,,,,
Wednesday,09/15/2010,17:50,14:50,21:44,13:52,13:16,13:35,,,,,,
Thursday,09/16/2010,15:39,13:55,21:36,13:36,12:35,20:13,,,,,,
Friday,09/17/2010,15:56,21:36,15:36,14:10,20:13,13:19,,,,,,
Saturday,09/18/2010,16:12,,,12:56,,,,,,,,
Sunday,09/19/2010,12:46,,,11:27,,,,,,,,
Monday,09/20/2010,13:46,13:28,13:41,11:57,12:47,12:33,,,,,,
Tuesday,09/21/2010,14:06,14:59,19:18,10:58,11:21,11:25,,,,,,
Wednesday,09/22/2010,14:03,14:40,15:46,11:22,13:18,14:13,,,,,,
Thursday,09/23/2010,14:22,14:36,18:48,13:27,17:47,17:20,,,,,,
Friday,09/24/2010,14:14,13:21,21:48,13:58,13:21,17:52,,,,,,
Saturday,09/25/2010,14:54,,,14:26,,,,,,,,
Sunday,09/26/2010,12:09,,,11:41,,,,,,,,
Monday,09/27/2010,12:54,13:17,16:32,12:34,12:56,12:15,,,,,,
Tuesday,09/28/2010,15:33,16:54,17:42,13:13,16:50,13:41,,,,,,
Wednesday,09/29/2010,14:46,15:53,14:40,11:36,12:07,10:39,,,,,,
Thursday,09/30/2010,21:55,15:29,34:14:00,18:34,14:37,22:17,,,,,,
Friday,10/01/2010,16:22,12:34,17:41,14:00,14:22,13:33,,,,,,
Saturday,10/02/2010,18:29,,,12:55,,,,,,,,
Sunday,10/03/2010,15:01,,,13:52,,,,,,,,
Monday,10/04/2010,15:30,16:12,,12:43,13:22,,,,,,,
Tuesday,10/05/2010,14:01,15:58,14:12,15:22,17:50,15:22,,,,,,
Wednesday,10/06/2010,12:04,12:04,13:34,12:01,13:07,11:24,,,,,,
Thursday,10/07/2010,14:09,16:06,12:38,10:38,10:58,9:37,,,,,,
Friday,10/08/2010,13:40,11:17,14:25,13:12,13:17,12:04,,,,,,
Saturday,10/09/2010,13:17,,,13:04,,,,,,,,
Sunday,10/10/2010,14:04,,,13:07,,,,,,,,
Monday,10/11/2010,15:35,19:09,17:21,11:59,14:22,10:13,,,,,,
Tuesday,10/12/2010,13:12,12:58,11:46,14:35,14:38,13:04,,,,,,
Wednesday,10/13/2010,13:35,,14:39,14:01,,15:31,,,,,,
Thursday,10/14/2010,14:26,18:59,15:04,13:18,13:34,15:02,,,,,,
Friday,10/15/2010,14:43,12:27,17:27,14:20,12:49,24:33:00,,,,,,
Saturday,10/16/2010,16:11,,,10:57,,,,,,,,
Sunday,10/17/2010,11:47,,,11:24,,,,,,,,
Monday,10/18/2010,11:26,11:50,10:42,16:19,15:15,18:10,,,,,,
Tuesday,10/19/2010,15:50,16:26,15:26,12:32,11:57,11:07,,,,,,
Wednesday,10/20/2010,12:12,12:02,11:31,14:55,17:07,13:40,,,,,,
Thursday,10/21/2010,13:21,18:01,11:07,11:50,13:01,11:16,,,,,,
Friday,10/22/2010,15:54,14:05,17:34,12:45,13:22,14:05,,,,,,
Saturday,10/23/2010,15:15,,,14:01,,,,,,,,
Sunday,10/24/2010,10:47,,,10:46,,,,,,,,
Monday,10/25/2010,11:37,12:30,11:39,10:21,10:44,9:56,,,,,,
Tuesday,10/26/2010,12:29,13:15,13:25,12:15,13:16,10:47,,,,,,
Wednesday,10/27/2010,12:24,16:01,10:19,12:07,14:48,11:52,,,,,,
Thursday,10/28/2010,13:30,14:36,15:23,12:31,13:17,14:33,,,,,,
Friday,10/29/2010,17:11,17:17,25:42:00,16:18,16:52,23:41,,,,,,
Saturday,10/30/2010,13:02,,,12:55,,,,,,,,
Sunday,10/31/2010,10:39,,,9:04,,,,,,,,
Monday,11/01/2010,12:25,11:23,17:02,11:53,10:38,13:07,,,,,,
Tuesday,11/02/2010,14:22,14:34,16:48,12:19,13:38,13:50,,,,,,
Wednesday,11/03/2010,14:47,15:33,14:37,14:58,15:46,16:46,,,,,,
Thursday,11/04/2010,14:53,14:12,16:26,14:18,16:08,14:50,,,,,,
Friday,11/05/2010,17:39,18:25,20:53,14:50,14:13,16:54,,,,,,
Saturday,11/06/2010,14:08,,,12:53,,,,,,,,
Sunday,11/07/2010,14:07,,,15:03,,,,,,,,
Monday,11/08/2010,13:49,13:26,14:55,12:45,16:29,12:10,,,,,,
Tuesday,11/09/2010,13:59,13:46,17:37,13:46,12:26,17:03,,,,,,
Wednesday,11/10/2010,13:20,14:14,16:12,14:27,13:48,18:37,,,,,,
Thursday,11/11/2010,14:26,15:27,17:27,11:57,13:49,13:08,,,,,,
Friday,11/12/2010,13:20,12:27,13:54,11:43,12:08,11:22,,,,,,
Saturday,11/13/2010,12:14,,,12:24,,,,,,,,
Sunday,11/14/2010,11:00,,,11:49,,,,,,,,
Monday,11/15/2010,11:42,13:09,16:53,12:57,12:32,17:06,,,,,,
Tuesday,11/16/2010,14:23,13:40,16:17,13:52,13:19,14:51,,,,,,
Wednesday,11/17/2010,16:21,15:59,17:54,13:07,11:39,13:50,,,,,,
Thursday,11/18/2010,13:53,18:03,13:15,12:02,10:19,10:51,,,,,,
Friday,11/19/2010,14:50,16:18,17:09,12:00,11:53,11:02,,,,,,
Saturday,11/20/2010,12:05,,,11:59,,,,,,,,
Sunday,11/21/2010,9:13,,,10:09,,,,,,,,
Monday,11/22/2010,11:21,12:45,13:19,11:03,12:07,11:09,,,,,,
Tuesday,11/23/2010,11:50,12:57,10:58,13:15,13:43,14:16,,,,,,
Wednesday,11/24/2010,11:39,11:36,11:30,11:05,11:03,11:57,,,,,,
Thursday,11/25/2010,,,,,,,,,,,,
Friday,11/26/2010,11:35,12:33,11:01,11:18,10:43,11:07,,,,,,
Saturday,11/27/2010,11:30,,,10:30,,,,,,,,
Sunday,11/28/2010,11:43,,,10:28,,,,,,,,
Monday,11/29/2010,12:21,11:39,14:03,10:23,9:29,12:39,,,,,,
Tuesday,11/30/2010,11:56,11:35,14:57,10:54,10:28,12:09,,,,,,
Wednesday,12/01/2010,14:13,14:52,14:25,12:30,12:47,15:13,,,,,,
Thursday,12/02/2010,13:45,14:31,15:51,15:11,13:26,21:03,,,,,,
Friday,12/03/2010,12:51,12:23,20:17,12:26,10:42,15:59,,,,,,
Saturday,12/04/2010,12:38,,,13:20,,,,,,,,
Sunday,12/05/2010,12:21,,,12:01,,,,,,,,
Monday,12/06/2010,16:00,13:26,25:11:00,15:29,14:46,18:05,,,,,,
Tuesday,12/07/2010,15:07,13:58,21:25,14:33,15:09,14:50,,,,,,
Wednesday,12/08/2010,16:07,16:21,25:36:00,12:04,10:04,12:25,,,,,,
Thursday,12/09/2010,17:53,20:06,18:15,13:05,12:35,16:44,,,,,,
Friday,12/10/2010,12:40,11:42,15:16,15:47,13:42,19:29,,,,,,
Saturday,12/11/2010,10:41,,,12:42,,,,,,,,
Sunday,12/12/2010,13:07,,,10:36,,,,,,,,
Monday,12/13/2010,15:52,16:12,20:34,12:51,12:01,14:54,,,,,,
Tuesday,12/14/2010,21:36,27:15:00,25:10:00,16:43,15:17,15:12,,,,,,
Wednesday,12/15/2010,15:09,19:44,13:24,15:07,20:58,17:16,,,,,,
Thursday,12/16/2010,16:32,14:29,20:31,15:35,11:35,19:42,,,,,,
Friday,12/17/2010,22:36,27:40:00,29:08:00,23:04,19:48,30:30:00,,,,,,
Saturday,12/18/2010,19:01,,,18:57,,,,,,,,
Sunday,12/19/2010,13:55,,,17:24,,,,,,,,
Monday,12/20/2010,15:24,15:12,18:05,14:21,14:29,17:17,,,,,,
Tuesday,12/21/2010,17:16,22:24,16:20,14:07,12:37,15:50,,,,,,
Wednesday,12/22/2010,15:31,19:32,16:48,13:41,13:03,13:27,,,,,,
Thursday,12/23/2010,14:24,15:22,13:54,11:52,10:29,12:40,,,,,,
Friday,12/24/2010,15:44,14:03,,13:04,12:02,,,,,,,
Saturday,12/25/2010,,,,,,,,,,,,
Sunday,12/26/2010,,,,,,,,,,,,
Monday,12/27/2010,18:34,,16:28,13:16,,14:29,,,,,,
Tuesday,12/28/2010,14:07,13:25,18:58,12:54,10:52,15:18,,,,,,
Wednesday,12/29/2010,13:13,12:30,12:45,12:22,11:28,14:47,,,,,,
Thursday,12/30/2010,14:40,16:15,18:30,11:59,12:56,12:52,,,,,,
Friday,12/31/2010,16:34,,,14:50,,,,,,,,
Saturday,01/01/2011,12:53,,,14:10,,,,,,,,
Sunday,01/02/2011,14:27,,,13:06,,,,,,,,
Monday,01/03/2011,14:32,17:58,17:28,13:00,11:20,14:06,,,,,,
Tuesday,01/04/2011,17:00,14:42,22:49,15:43,17:01,15:06,,,,,,
Wednesday,01/05/2011,17:56,19:34,18:28,18:03,18:19,22:25,,,,,,
Thursday,01/06/2011,17:05,20:32,13:33,17:52,18:05,20:17,,,,,,
Friday,01/07/2011,18:54,18:13,23:24,14:43,14:45,21:10,,,,,,
Saturday,01/08/2011,15:26,,,14:10,,,,,,,,
Sunday,01/09/2011,12:54,,,12:43,,,,,,,,
Monday,01/10/2011,14:01,14:31,23:44,14:32,14:03,15:54,,,,,,
Tuesday,01/11/2011,16:23,15:07,18:57,13:38,12:28,18:07,,,,,,
Wednesday,01/12/2011,19:20,18:44,19:38,16:26,22:00,13:51,,,,,,
Thursday,01/13/2011,16:52,18:42,14:03,15:05,13:24,14:58,,,,,,
Friday,01/14/2011,15:56,15:22,15:25,14:29,12:19,16:35,,,,,,
Saturday,01/15/2011,17:36,,,14:57,,,,,,,,
Sunday,01/16/2011,12:26,,,13:30,,,,,,,,
Monday,01/17/2011,14:45,12:50,21:46:00,14:46,12:32,15:36,,,,,,
Tuesday,01/18/2011,27:54:00,13:36,32:45:00,20:34,16:52,16:58,,,,,,
Wednesday,01/19/2011,18:44,17:38,28:06:00,14:47,13:33,16:14,,,,,,
Thursday,01/20/2011,20:36,17:59,29:31:00,19:02,16:38,22:30,,,,,,
Friday,01/21/2011,18:11,20:57,18:30,17:47,14:00,17:42,,,,,,
Saturday,01/22/2011,16:56,,,16:27,,,,,,,,
Sunday,01/23/2011,16:39,,,15:22,,,,,,,,
Monday,01/24/2011,15:35,16:49,22:41,16:08,15:19,21:32,,,,,,
Tuesday,01/25/2011,15:55,13:29,22:32,16:58,15:57,22:28,,,,,,
Wednesday,01/26/2011,21:57,16:26,29:55:00,23:12,20:28,23:12,,,,,,
Thursday,01/27/2011,25:44:00,,32:31:00,22:24,,18:16,,,,,,
Friday,01/28/2011,21:17,23:19,28:27:00,21:52,19:07,21:10,,,,,,
Saturday,01/29/2011,20:55,,,23:06,,,,,,,,
Sunday,01/30/2011,23:06,,,22:25,,,,,,,,
Monday,01/31/2011,26:43:00,29:27:00,21:16,31:09:00,20:51,32:43:00,,,,,,
Tuesday,02/01/2011,24:47:00,24:37:00,27:25:00,22:34,30:05:00,23:27,,,,,,
Wednesday,02/02/2011,20:26,24:58:00,21:57,20:18,20:03,21:39,,,,,,
Thursday,02/03/2011,26:11:00,25:40:00,36:43:00,22:16,20:34,26:37:00,,,,,,
Friday,02/04/2011,26:31:00,54:02:00,31:08:00,26:11:00,30:15:00,48:12:00,,,,,,
Saturday,02/05/2011,19:23,,,20:02,,,,,,,,
Sunday,02/06/2011,16:19,,,16:42,,,,,,,,
Monday,02/07/2011,25:26:00,17:56,28:05:00,31:41:00,20:53,33:26:00,,,,,,
Tuesday,02/08/2011,25:29:00,20:44,27:56:00,23:08,21:22,30:49:00,,,,,,
Wednesday,02/09/2011,26:10:00,30:08:00,23:15,22:38,23:21,20:49,,,,,,
Thursday,02/10/2011,20:32,17:56,25:05:00,21:27,18:40,30:24:00,,,,,,
Friday,02/11/2011,15:56,25:13:00,20:51,16:22,15:17,18:07,,,,,,
Saturday,02/12/2011,13:56,,,13:14,,,,,,,,
Sunday,02/13/2011,11:52,,,11:35,,,,,,,,
Monday,02/14/2011,12:46,10:58,14:36,11:44,11:32,11:57,,,,,,
Tuesday,02/15/2011,14:01,13:00,16:00,14:29,12:58,16:05,,,,,,
Wednesday,02/16/2011,13:17,12:59,13:30,12:23,14:25,14:00,,,,,,
Thursday,02/17/2011,11:56,10:50,12:47,11:06,10:10,12:38,,,,,,
Friday,02/18/2011,12:31,10:40,12:01,11:27,11:29,11:23,,,,,,
Saturday,02/19/2011,13:35,,,13:12,,,,,,,,
Sunday,02/20/2011,10:06,,,9:38,,,,,,,,
Monday,02/21/2011,11:34,10:09,10:39,10:58,8:48,10:24,,,,,,
Tuesday,02/22/2011,12:10,8:44,11:15,11:46,8:41,11:51,,,,,,
Wednesday,02/23/2011,12:59,15:08,12:48,12:09,10:58,13:12,,,,,,
Thursday,02/24/2011,12:52,12:58,12:53,11:39,13:05,11:50,,,,,,
Friday,02/25/2011,13:13,12:01,16:12,11:39,12:41,13:05,,,,,,
Saturday,02/26/2011,10:58,,,11:45,,,,,,,,
Sunday,02/27/2011,9:50,,,9:32,,,,,,,,
Monday,02/28/2011,11:37,9:50,13:10,10:59,12:14,11:23,,,,,,
Tuesday,03/01/2011,11:28,11:40,11:28,11:00,11:20,11:00,,,,,,
Wednesday,03/02/2011,12:46,11:58,12:46,11:34,11:22,11:54,,,,,,
Thursday,03/03/2011,10:41,11:57,10:37,10:16,10:30,9:54,,,,,,
Friday,03/04/2011,11:50,11:52,12:07,11:03,10:03,11:51,,,,,,
Saturday,03/05/2011,9:30,,,10:34,,,,,,,,
Sunday,03/06/2011,8:19,,,9:01,,,,,,,,
Monday,03/07/2011,12:37,11:22,16:28,11:19,10:02,11:22,,,,,,
Tuesday,03/08/2011,9:39,10:15,9:59,9:56,9:39,9:40,,,,,,
Wednesday,03/09/2011,11:15,11:08,15:16,10:19,9:53,10:50,,,,,,
Thursday,03/10/2011,11:31,11:27,11:31,10:15,11:16,10:15,,,,,,
Friday,03/11/2011,10:56,10:01,,10:35,9:24,,,,,,,
Saturday,03/12/2011,11:59,,,10:54,,,,,,,,
Sunday,03/13/2011,8:49,,,9:05,,,,,,,,
Monday,03/14/2011,11:35,12:20,11:34,11:16,11:19,12:07,,,,,,
Tuesday,03/15/2011,11:40,11:50,12:23,10:47,9:13,10:45,,,,,,
Wednesday,03/16/2011,11:47,12:09,11:14,10:36,12:02,11:11,,,,,,
Thursday,03/17/2011,12:09,13:20,12:06,12:02,11:57,12:51,,,,,,
Friday,03/18/2011,12:11,9:54,13:12,12:08,9:33,13:45,,,,,,
Saturday,03/19/2011,11:17,,,10:56,,,,,,,,
Sunday,03/20/2011,12:39,,,13:25,,,,,,,,
Monday,03/21/2011,10:37,10:30,11:43,11:20,11:54,11:29,,,,,,
Tuesday,03/22/2011,13:37,10:43,12:51,11:57,10:30,10:26,,,,,,
Wednesday,03/23/2011,12:17,12:56,14:39,11:24,11:09,12:06,,,,,,
Thursday,03/24/2011,11:39,12:50,11:41,11:03,11:04,11:25,,,,,,
Friday,03/25/2011,12:06,10:44,11:59,11:20,11:16,11:57,,,,,,
Saturday,03/26/2011,11:04,,,10:19,,,,,,,,
Sunday,03/27/2011,9:52,,,9:38,,,,,,,,
Monday,03/28/2011,10:46,10:14,11:23,10:11,10:07,10:03,,,,,,
Tuesday,03/29/2011,9:28,8:58,9:48,10:24,10:14,10:44,,,,,,
Wednesday,03/30/2011,11:41,11:20,12:42,10:14,10:54,10:26,,,,,,
Thursday,03/31/2011,11:35,12:09,11:22,10:45,10:22,10:48,,,,,,
Friday,04/01/2011,12:04,10:56,11:32,10:45,10:15,10:32,,,,,,
Saturday,04/02/2011,10:28,,,10:17,,,,,,,,
Sunday,04/03/2011,10:16,,,10:14,,,,,,,,
Monday,04/04/2011,10:45,10:11,11:51,10:54,10:09,10:30,,,,,,
Tuesday,04/05/2011,10:37,9:37,10:52,10:19,10:15,11:15,,,,,,
Wednesday,04/06/2011,10:40,11:00,13:02,10:00,10:15,10:13,,,,,,
Thursday,04/07/2011,12:04,12:45,12:34,10:08,10:44,11:12,,,,,,
Friday,04/08/2011,12:34,10:14,10:38,11:12,12:07,10:02,,,,,,
Saturday,04/09/2011,11:09,,,10:07,,,,,,,,
Sunday,04/10/2011,11:37,,,11:16,,,,,,,,
Monday,04/11/2011,11:02,10:14,11:00,10:12,10:12,11:22,,,,,,
Tuesday,04/12/2011,10:28,10:30,10:07,10:01,10:20,10:05,,,,,,
Wednesday,04/13/2011,10:57,10:26,10:23,11:16,,10:16,,,,,,
Thursday,04/14/2011,11:40,,10:41,11:40,,12:41,,,,,,
Friday,04/15/2011,13:21,14:53,12:20,10:30,10:28,10:26,,,,,,
Saturday,04/16/2011,12:38,,,12:11,,,,,,,,
Sunday,04/17/2011,12:34,,,10:51,,,,,,,,
Monday,04/18/2011,13:51,10:25,,10:28,10:15,,,,,,,
Tuesday,04/19/2011,11:03,10:14,11:22,10:28,10:16,10:16,,,,,,
Wednesday,04/20/2011,10:09,9:56,10:29,10:01,10:27,10:08,,,,,,
Thursday,04/21/2011,11:09,10:08,11:48,12:09,12:33,12:48,,,,,,
Friday,04/22/2011,12:34,12:38,16:10,10:13,10:13,10:02,,,,,,
Saturday,04/23/2011,10:37,,,10:22,,,,,,,,
Sunday,04/24/2011,,,,,,,,,,,,
Monday,04/25/2011,11:49,10:18,,11:12,9:54,,,,,,,
Tuesday,04/26/2011,11:06,10:18,12:35,10:13,10:23,10:41,,,,,,
Wednesday,04/27/2011,11:09,10:06,11:10,10:36,10:30,9:59,,,,,,
Thursday,04/28/2011,10:45,12:16,11:10,9:25,10:21,10:17,,,,,,
Friday,04/29/2011,11:10,10:32,12:30,10:04,10:12,10:12,,,,,,
Saturday,04/30/2011,10:31,,,10:00,,,,,,,,
Sunday,05/01/2011,10:06,,,10:11,,,,,,,,
Monday,05/02/2011,10:09,10:31,10:30,10:09,11:16,9:52,,,,,,
Tuesday,05/03/2011,10:29,10:44,10:57,10:05,10:22,9:53,,,,,,
Wednesday,05/04/2011,10:14,11:11,10:20,10:05,10:30,10:00,,,,,,
Thursday,05/05/2011,10:56,10:21,12:56,10:44,10:23,13:25,,,,,,
Friday,05/06/2011,10:20,10:17,10:24,11:14,11:33,14:17,,,,,,
Saturday,05/07/2011,10:32,,,10:37,,,,,,,,
Sunday,05/08/2011,12:03,,,10:41,,,,,,,,
Monday,05/09/2011,11:47,10:47,14:56,10:02,10:14,10:53,,,,,,
Tuesday,05/10/2011,11:18,10:06,12:47,10:36,10:22,11:24,,,,,,
Wednesday,05/11/2011,11:36,11:04,13:44,10:54,10:52,10:42,,,,,,
Thursday,05/12/2011,11:04,11:04,13:24,10:52,11:01,14:12,,,,,,
Friday,05/13/2011,10:36,10:18,12:36,10:03,10:02,10:19,,,,,,
Saturday,05/14/2011,10:29,,,10:15,,,,,,,,
Sunday,05/15/2011,10:24,,,10:27,,,,,,,,
Monday,05/16/2011,10:41,11:11,10:56,10:00,10:14,10:14,,,,,,
Tuesday,05/17/2011,11:15,10:57,10:57,10:04,10:17,10:32,,,,,,
Wednesday,05/18/2011,11:50,10:47,16:07,10:20,10:46,10:03,,,,,,
Thursday,05/19/2011,13:04,14:55,14:15,10:32,10:23,11:26,,,,,,
Friday,05/20/2011,14:01,12:58,14:35,11:46,10:41,11:24,,,,,,
Saturday,05/21/2011,12:50,,,10:46,,,,,,,,
Sunday,05/22/2011,10:29,,,9:58,,,,,,,,
Monday,05/23/2011,11:08,10:20,15:41,10:18,10:15,11:05,,,,,,
Tuesday,05/24/2011,11:04,10:28,14:09,10:38,10:43,11:24,,,,,,
Wednesday,05/25/2011,11:46,10:31,14:59,11:12,10:24,12:54,,,,,,
Thursday,05/26/2011,12:13,10:55,9:42,11:37,10:53,10:44,,,,,,
Friday,05/27/2011,11:07,10:57,12:44,10:45,10:04,10:31,,,,,,
Saturday,05/28/2011,10:20,,,10:31,,,,,,,,
Sunday,05/29/2011,10:40,,,11:01,,,,,,,,
Monday,05/30/2011,11:40,11:21,13:42,10:23,10:13,10:37,,,,,,
Tuesday,05/31/2011,13:21,11:38,19:49,11:27,10:28,12:08,,,,,,
Wednesday,06/01/2011,13:12,11:29,18:32,10:00,10:14,10:30,,,,,,
Thursday,06/02/2011,13:13,10:41,15:28,12:13,10:34,14:52,,,,,,
Friday,06/03/2011,12:46,10:41,14:46,11:12,10:14,12:05,,,,,,
Saturday,06/04/2011,12:09,,,11:21,,,,,,,,
Sunday,06/05/2011,12:25,,,11:07,,,,,,,,
Monday,06/06/2011,11:50,10:36,12:38,12:02,10:39,11:12,,,,,,
Tuesday,06/07/2011,10:58,10:51,12:26,10:55,10:11,12:29,,,,,,
Wednesday,06/08/2011,11:48,10:31,14:16,11:46,11:41,12:25,,,,,,
Thursday,06/09/2011,13:02,10:36,20:57,12:56,12:07,15:42,,,,,,
Friday,06/10/2011,11:37,10:09,13:28,11:13,10:14,15:35,,,,,,
Saturday,06/11/2011,12:02,,,11:56,,,,,,,,
Sunday,06/12/2011,10:08,,,10:11,,,,,,,,
Monday,06/13/2011,10:36,11:17,10:21,10:29,10:37,10:46,,,,,,
Tuesday,06/14/2011,10:38,11:02,11:33,10:19,10:10,10:05,,,,,,
Wednesday,06/15/2011,10:21,10:09,11:07,10:56,11:33,11:26,,,,,,
Thursday,06/16/2011,10:34,10:31,10:34,10:32,11:21,10:34,,,,,,
Friday,06/17/2011,10:14,10:01,10:37,10:19,10:06,11:23,,,,,,
Saturday,06/18/2011,10:24,,,10:13,,,,,,,,
Sunday,06/19/2011,10:42,,,10:09,,,,,,,,
Monday,06/20/2011,11:09,10:29,12:56,10:41,10:10,11:04,,,,,,
Tuesday,06/21/2011,10:42,10:17,11:01,10:23,10:18,10:17,,,,,,
Wednesday,06/22/2011,11:06,10:16,14:22,11:25,10:15,13:21,,,,,,
Thursday,06/23/2011,11:36,10:07,16:21,10:26,10:04,11:37,,,,,,
Friday,06/24/2011,11:38,12:49,10:54,11:06,11:53,11:42,,,,,,
Saturday,06/25/2011,10:18,,,10:26,,,,,,,,
Sunday,06/26/2011,10:13,,,10:39,,,,,,,,
Monday,06/27/2011,10:08,10:21,10:21,10:02,10:10,10:02,,,,,,
Tuesday,06/28/2011,10:35,10:29,11:25,10:24,10:17,12:05,,,,,,
Wednesday,06/29/2011,10:59,11:34,10:50,10:44,10:18,11:58,,,,,,
Thursday,06/30/2011,12:24,10:42,12:24,11:19,11:26,11:19,,,,,,
Friday,07/01/2011,11:43,10:30,12:59,11:03,10:51,12:51,,,,,,
Saturday,07/02/2011,12:48,,,11:44,,,,,,,,
Sunday,07/03/2011,15:10,,,11:55,,,,,,,,
Monday,07/04/2011,11:27,,,10:27,,,,,,,,
Tuesday,07/05/2011,10:20,10:10,11:16,10:08,10:10,10:57,,,,,,
Wednesday,07/06/2011,10:15,10:13,11:13,10:32,10:46,11:26,,,,,,
Thursday,07/07/2011,10:29,10:17,12:51,10:28,10:22,10:38,,,,,,
Friday,07/08/2011,10:32,11:55,11:21,10:13,10:12,10:43,,,,,,
Saturday,07/09/2011,11:47,,,10:14,,,,,,,,
Sunday,07/10/2011,11:02,,,9:57,,,,,,,,
Monday,07/11/2011,12:38,10:20,13:08,11:22,10:51,10:55,,,,,,
Tuesday,07/12/2011,12:03,10:46,14:24,11:02,11:33,12:27,,,,,,
Wednesday,07/13/2011,11:22,11:10,14:40,11:50,11:15,15:17,,,,,,
Thursday,07/14/2011,12:00,10:29,15:14,11:54,10:20,14:12,,,,,,
Friday,07/15/2011,12:15,10:33,14:31,12:06,10:19,16:04,,,,,,
Saturday,07/16/2011,10:24,,,10:37,,,,,,,,
Sunday,07/17/2011,10:12,,,10:48,,,,,,,,
Monday,07/18/2011,12:28,10:23,18:21,10:23,10:03,10:25,,,,,,
Tuesday,07/19/2011,11:15,10:05,15:42,10:32,10:18,12:18,,,,,,
Wednesday,07/20/2011,11:37,11:07,15:36,11:18,10:17,12:05,,,,,,
Thursday,07/21/2011,12:21,10:12,14:20,11:00,10:34,11:53,,,,,,
Friday,07/22/2011,11:58,10:12,19:21,10:48,10:11,12:11,,,,,,
Saturday,07/23/2011,11:17,,,10:30,,,,,,,,
Sunday,07/24/2011,10:49,,,11:13,,,,,,,,
Monday,07/25/2011,12:41,10:58,15:31,11:12,10:07,12:44,,,,,,
Tuesday,07/26/2011,11:19,10:59,15:23,11:06,10:27,13:24,,,,,,
Wednesday,07/27/2011,10:31,10:39,11:31,12:05,10:41,11:06,,,,,,
Thursday,07/28/2011,11:26,9:52,15:00,11:34,10:23,12:32,,,,,,
Friday,07/29/2011,13:14,,13:49,12:16,,15:31,,,,,,
Saturday,07/30/2011,11:26,,,11:11,,,,,,,,
Sunday,07/31/2011,11:13,,,10:15,,,,,,,,
Monday,08/01/2011,15:24,12:55,23:34,12:06,10:07,15:15,,,,,,
Tuesday,08/02/2011,10:20,11:05,10:06,10:53,10:23,11:30,,,,,,
Wednesday,08/03/2011,10:33,10:41,12:30,10:54,11:14,11:42,,,,,,
Thursday,08/04/2011,11:30,11:26,13:11,11:32,11:44,10:44,,,,,,
Friday,08/05/2011,11:34,10:06,13:45,11:08,10:24,12:17,,,,,,
Saturday,08/06/2011,11:06,,,10:28,,,,,,,,
Sunday,08/07/2011,11:08,,,10:23,,,,,,,,
Monday,08/08/2011,10:59,12:11,10:37,10:26,10:43,10:10,,,,,,
Tuesday,08/09/2011,10:37,10:32,11:29,10:10,10:19,10:46,,,,,,
Wednesday,08/10/2011,10:54,10:05,11:14,10:48,11:19,10:50,,,,,,
Thursday,08/11/2011,11:34,10:29,10:53,10:31,10:45,10:51,,,,,,
Friday,08/12/2011,10:33,10:22,11:21,11:01,10:59,11:09,,,,,,
Saturday,08/13/2011,10:47,,,10:26,,,,,,,,
Sunday,08/14/2011,12:06,,,11:34,,,,,,,,
Monday,08/15/2011,13:06,10:24,16:58,11:49,10:31,14:01,,,,,,
Tuesday,08/16/2011,10:18,10:44,10:57,10:21,11:03,10:09,,,,,,
Wednesday,08/17/2011,11:35,10:17,13:38,10:58,10:58,10:58,,,,,,
Thursday,08/18/2011,10:51,11:01,10:52,10:24,10:21,10:54,,,,,,
Friday,08/19/2011,10:45,10:31,11:29,10:16,10:11,10:46,,,,,,
Saturday,08/20/2011,11:49,,,10:47,,,,,,,,
Sunday,08/21/2011,11:47,,,10:02,,,,,,,,
Monday,08/22/2011,10:37,10:29,10:13,10:07,10:24,10:07,,,,,,
Tuesday,08/23/2011,11:34,11:05,11:35,10:54,12:15,11:21,,,,,,
Wednesday,08/24/2011,10:13,10:30,10:50,11:09,10:22,12:17,,,,,,
Thursday,08/25/2011,10:37,10:22,10:32,10:38,12:00,10:59,,,,,,
Friday,08/26/2011,10:30,10:48,13:01,10:47,10:05,13:04,,,,,,
Saturday,08/27/2011,10:32,,,10:08,,,,,,,,
Sunday,08/28/2011,10:21,,,9:52,,,,,,,,
Monday,08/29/2011,10:57,10:34,10:53,9:55,10:02,10:04,,,,,,
Tuesday,08/30/2011,11:45,11:34,12:41,10:26,10:17,12:59,,,,,,
Wednesday,08/31/2011,10:55,10:33,10:54,10:37,10:46,10:24,,,,,,
Thursday,09/01/2011,,,,,,,,,,,,
Friday,09/02/2011,,,,,,,,,,,,
Saturday,09/03/2011,,,,,,,,,,,,
Sunday,09/04/2011,,,,,,,,,,,,
Monday,09/05/2011,,,,,,,,,,,,
Tuesday,09/06/2011,10:23,11:06,11:17,10:34,10:21,10:21,,,,,,
Wednesday,09/07/2011,10:56,10:13,15:21,10:27,11:27,10:25,,,,,,
Thursday,09/08/2011,11:02,10:38,12:28,10:29,11:20,10:47,,,,,,
Friday,09/09/2011,10:48,11:35,13:29,10:23,11:03,10:17,,,,,,
Saturday,09/10/2011,10:26,,,10:36,,,,,,,,
Sunday,09/11/2011,10:24,,,10:15,,,,,,,,
Monday,09/12/2011,10:24,10:18,10:10,10:10,11:07,9:53,,,,,,
Tuesday,09/13/2011,10:23,10:13,10:42,10:08,10:23,11:11,,,,,,
Wednesday,09/14/2011,10:24,10:34,10:02,10:28,10:39,10:53,,,,,,
Thursday,09/15/2011,10:05,10:05,10:26,11:14,11:22,13:33,,,,,,
Friday,09/16/2011,10:47,11:00,10:47,10:29,10:44,10:29,,,,,,
Saturday,09/17/2011,10:32,,,10:20,,,,,,,,
Sunday,09/18/2011,10:08,,,10:04,,,,,,,,
Monday,09/19/2011,10:01,10:05,10:10,10:33,10:52,10:48,,,,,,
Tuesday,09/20/2011,10:03,10:16,10:33,10:34,10:37,10:00,,,,,,
Wednesday,09/21/2011,10:10,10:12,10:24,10:55,11:57,12:11,,,,,,
Thursday,09/22/2011,10:13,10:22,10:37,12:03,10:34,14:48,,,,,,
Friday,09/23/2011,11:51,10:26,11:51,13:18,14:54,13:18,,,,,,
Saturday,09/24/2011,11:00,,,11:13,,,,,,,,
Sunday,09/25/2011,10:05,,,10:05,,,,,,,,
Monday,09/26/2011,10:19,10:21,11:02,10:04,10:39,10:14,,,,,,
Tuesday,09/27/2011,10:19,10:03,10:38,10:20,10:36,10:31,,,,,,
Wednesday,09/28/2011,10:55,10:14,11:45,10:31,10:25,10:22,,,,,,
Thursday,09/29/2011,10:09,10:11,10:39,10:05,10:36,10:41,,,,,,
Friday,09/30/2011,11:24,10:07,13:47,10:26,10:20,11:33,,,,,,
Saturday,10/01/2011,10:09,,,9:56,,,,,,,,
Sunday,10/02/2011,10:05,,,10:00,,,,,,,,
Monday,10/03/2011,10:24,10:00,10:34,10:21,10:30,12:51,,,,,,
Tuesday,10/04/2011,10:11,10:08,11:57,10:34,10:38,11:37,,,,,,
Wednesday,10/05/2011,10:13,10:04,11:13,10:16,10:17,9:40,,,,,,
Thursday,10/06/2011,10:20,10:31,10:13,10:18,10:29,10:14,,,,,,
Friday,10/07/2011,10:42,10:07,10:08,10:25,10:45,10:42,,,,,,
Saturday,10/08/2011,10:39,,,10:44,,,,,,,,
Sunday,10/09/2011,11:40,,,10:41,,,,,,,,
Monday,10/10/2011,10:51,10:19,12:22,11:49,15:57,13:42,,,,,,
Tuesday,10/11/2011,10:14,10:20,10:23,11:01,10:35,13:55,,,,,,
Wednesday,10/12/2011,11:22,11:28,13:58,10:29,10:16,12:19,,,,,,
Thursday,10/13/2011,11:52,12:52,11:42,11:43,13:36,10:36,,,,,,
Friday,10/14/2011,10:47,10:19,11:01,10:51,10:14,13:00,,,,,,
Saturday,10/15/2011,12:51,,,10:37,,,,,,,,
Sunday,10/16/2011,10:57,,,10:19,,,,,,,,
Monday,10/17/2011,10:05,10:11,10:10,10:14,10:25,10:04,,,,,,
Tuesday,10/18/2011,10:25,10:01,10:32,11:00,10:19,10:31,,,,,,
Wednesday,10/19/2011,11:42,10:06,13:36,12:11,12:21,15:00,,,,,,
Thursday,10/20/2011,11:25,,10:46,11:10,,11:14,,,,,,
Friday,10/21/2011,10:21,10:10,10:58,10:16,10:20,11:06,,,,,,
Saturday,10/22/2011,10:10,,,10:29,,,,,,,,
Sunday,10/23/2011,11:43,,,10:52,,,,,,,,
Monday,10/24/2011,9:58,10:09,9:42,9:39,10:21,10:02,,,,,,
Tuesday,10/25/2011,10:24,9:59,11:20,9:59,10:33,9:41,,,,,,
Wednesday,10/26/2011,10:07,11:13,9:58,10:28,9:32,10:43,,,,,,
Thursday,10/27/2011,9:59,9:50,10:22,9:57,10:10,10:23,,,,,,
Friday,10/28/2011,10:10,10:18,9:59,10:35,9:59,13:53,,,,,,
Saturday,10/29/2011,10:05,,,9:42,,,,,,,,
Sunday,10/30/2011,10:30,,,9:54,,,,,,,,
Monday,10/31/2011,10:14,10:06,10:04,9:38,10:20,9:37,,,,,,
Tuesday,11/01/2011,11:47,10:25,11:45,13:14,14:33,10:55,11:50,9:53,15:09,,,
Wednesday,11/02/2011,10:44,10:19,11:42,9:48,10:06,10:18,11:05,11:55,10:58,,,
Thursday,11/03/2011,10:13,10:23,11:06,9:51,10:05,10:01,10:29,10:17,11:02,,,
Friday,11/04/2011,10:27,10:04,14:58,10:41,9:56,12:07,10:49,11:02,11:56,,,
Saturday,11/05/2011,10:41,,,11:21,,,11:20,,,,,
Sunday,11/06/2011,11:08,,,9:47,,,10:24,,,,,
Monday,11/07/2011,10:06,10:11,10:02,10:00,9:32,9:52,10:42,9:40,12:26,,,
Tuesday,11/08/2011,10:25,10:53,10:24,10:20,9:51,9:59,11:16,10:07,12:13,,,
Wednesday,11/09/2011,11:03,10:35,11:27,10:20,10:55,10:26,10:11,9:33,10:50,,,
Thursday,11/10/2011,10:49,10:09,12:58,11:07,9:50,15:14,11:04,9:42,15:04,,,
Friday,11/11/2011,10:44,12:33,13:08,10:15,10:34,10:04,10:32,10:28,13:06,,,
Saturday,11/12/2011,10:03,,,10:56,,,11:01,,,,,
Sunday,11/13/2011,10:26,,,9:40,,,10:22,,,,,
Monday,11/14/2011,10:35,10:44,11:11,9:44,9:43,9:20,9:51,9:32,10:59,,,
Tuesday,11/15/2011,11:32,11:38,10:53,10:41,10:35,10:04,10:23,11:21,11:38,,,
Wednesday,11/16/2011,11:01,10:05,10:26,9:39,9:55,10:09,9:51,9:55,11:08,,,
Thursday,11/17/2011,10:20,12:10,10:59,10:13,9:50,9:58,10:18,9:37,10:27,,,
Friday,11/18/2011,11:29,13:35,11:57,10:15,12:38,9:44,11:53,12:53,15:18,,,
Saturday,11/19/2011,10:25,,,11:34,,,11:13,,,,,
Sunday,11/20/2011,11:11,,,10:09,,,9:40,,,,,
Monday,11/21/2011,11:35,11:40,14:18,11:18,10:16,11:51,10:29,10:15,11:08,,,
Tuesday,11/22/2011,10:06,10:17,11:08,11:04,10:16,12:36,10:24,9:41,12:36,,,
Wednesday,11/23/2011,10:06,10:19,9:35,10:10,11:44,9:21,9:37,9:38,9:23,,,
Thursday,11/24/2011,10:43,,,10:01,,,11:38,,,,,
Friday,11/25/2011,10:06,9:44,10:51,10:07,11:52,11:21,12:41,11:18,14:58,,,
Saturday,11/26/2011,10:32,,,10:42,,,11:46,,,,,
Sunday,11/27/2011,10:12,,,10:17,,,10:21,,,,,
Monday,11/28/2011,10:56,10:18,12:53,11:27,9:47,14:07,10:56,9:40,13:03,,,
Tuesday,11/29/2011,10:51,12:04,11:53,9:53,11:21,9:50,9:50,9:31,11:14,,,
Wednesday,11/30/2011,10:34,10:05,11:23,10:15,9:56,11:27,10:00,11:01,9:49,,,
Thursday,12/01/2011,11:13,10:20,,10:52,9:54,,10:54,10:20,,,,
Friday,12/02/2011,11:36,10:08,11:48,9:59,11:13,9:53,10:51,10:39,11:51,,,
Saturday,12/03/2011,12:36,,,10:21,,,12:46,,,,,
Sunday,12/04/2011,10:03,,,9:44,,,9:56,,,,,
Monday,12/05/2011,10:22,9:55,10:42,10:29,11:13,10:46,10:33,9:32,10:37,,,
Tuesday,12/06/2011,10:41,9:48,11:47,10:06,10:18,10:12,11:50,10:12,13:33,,,
Wednesday,12/07/2011,11:46,10:57,11:30,10:36,10:02,10:12,11:10,9:45,15:05,,,
Thursday,12/08/2011,10:13,10:25,10:01,10:52,9:47,10:36,10:52,9:45,19:04,,,
Friday,12/09/2011,10:31,10:23,12:41,9:52,9:44,10:20,10:56,9:53,16:56,,,
Saturday,12/10/2011,10:36,,,9:36,,,11:00,,,,,
Sunday,12/11/2011,9:51,,,9:57,,,10:17,,,,,
Monday,12/12/2011,10:30,12:40,10:11,9:44,9:58,9:49,,13:38,,,,
Tuesday,12/13/2011,10:17,10:19,11:45,11:10,11:25,9:49,10:39,9:22,15:27,,,
Wednesday,12/14/2011,10:00,10:02,10:16,9:48,9:48,9:51,10:27,9:54,13:46,,,
Thursday,12/15/2011,10:03,10:10,10:28,10:03,9:44,9:50,10:25,9:45,11:44,,,
Friday,12/16/2011,9:58,9:53,10:10,10:25,9:49,12:03,10:22,9:57,11:23,,,
Saturday,12/17/2011,10:02,,,9:41,,,11:09,,,,,
Sunday,12/18/2011,10:03,,,9:35,,,10:31,,,,,
Monday,12/19/2011,10:50,10:19,14:43,9:48,10:44,9:50,11:12,10:46,10:24,,,
Tuesday,12/20/2011,10:05,10:16,9:59,9:49,9:22,10:02,10:07,9:46,11:37,,,
Wednesday,12/21/2011,10:00,10:06,10:15,9:55,9:38,9:55,10:41,10:04,12:10,,,
Thursday,12/22/2011,10:27,10:04,11:43,9:43,9:33,9:27,10:07,10:34,11:08,,,
Friday,12/23/2011,9:49,10:15,9:51,9:47,9:40,9:45,10:03,9:31,10:40,,,
Saturday,12/24/2011,10:22,,,10:26,,,10:13,,,,,
Sunday,12/25/2011,,,,,,,,,,,,
Monday,12/26/2011,10:41,10:34,10:04,9:47,9:38,9:40,10:19,11:26,11:15,,,
Tuesday,12/27/2011,10:24,10:18,12:04,9:50,11:12,12:42,10:31,9:49,9:36,,,
Wednesday,12/28/2011,9:55,10:20,9:41,9:58,10:20,10:14,9:51,9:35,10:02,,,
Thursday,12/29/2011,9:51,9:59,9:34,9:55,9:38,11:11,10:59,11:31,13:22,,,
Friday,12/30/2011,10:16,10:06,10:01,10:46,11:30,11:30,10:16,9:24,11:37,,,
Saturday,12/31/2011,10:42,,,10:32,,,11:54,,,,,
Sunday,01/01/2012,13:14,,,13:59,,,11:34,,,,,
Monday,01/02/2012,10:00,9:53,9:54,9:36,9:23,9:37,11:05,10:07,15:25,,,
Tuesday,01/03/2012,10:31,12:43,9:25,10:07,10:30,9:46,11:09,9:51,14:00,,,
Wednesday,01/04/2012,12:54,11:03,15:52,10:05,9:44,10:29,11:14,11:10,11:02,,,
Thursday,01/05/2012,10:03,10:37,9:56,9:41,9:39,10:07,10:00,9:54,10:10,,,
Friday,01/06/2012,10:44,11:10,10:41,9:59,9:45,10:16,11:38,11:40,10:46,,,
Saturday,01/07/2012,11:12,,,9:45,,,11:55,,,,,
Sunday,01/08/2012,10:00,,,10:54,,,9:42,,,,,
Monday,01/09/2012,10:25,10:49,10:41,10:07,10:35,10:06,10:31,9:42,13:35,,,
Tuesday,01/10/2012,10:22,11:58,10:46,9:51,9:51,11:12,11:01,11:17,11:17,,,
Wednesday,01/11/2012,11:12,11:48,10:57,10:01,9:46,10:51,10:42,11:01,12:28,,,
Thursday,01/12/2012,10:39,10:10,10:33,9:53,9:51,11:37,10:53,10:46,11:26,,,
Friday,01/13/2012,10:31,10:56,10:53,12:13,9:51,13:30,10:51,9:44,11:21,,,
Saturday,01/14/2012,11:32,,,9:59,,,12:51,,,,,
Sunday,01/15/2012,11:00,,,10:46,,,12:35,,,,,
Monday,01/16/2012,10:52,10:00,12:42,10:41,10:48,10:51,11:58,11:06,14:40,,,
Tuesday,01/17/2012,10:55,9:43,10:10,9:58,9:49,9:43,10:17,10:30,10:03,,,
Wednesday,01/18/2012,11:19,11:00,12:13,10:12,9:37,10:45,11:50,9:57,12:29,,,
Thursday,01/19/2012,10:31,10:14,12:09,10:17,11:28,9:58,11:41,12:37,14:34,,,
Friday,01/20/2012,10:06,10:14,10:07,10:06,9:37,9:48,10:44,9:59,22:34,,,
Saturday,01/21/2012,10:15,,,10:40,,,11:04,,,,,
Sunday,01/22/2012,9:49,,,10:13,,,11:09,,,,,
Monday,01/23/2012,11:43,10:07,12:11,11:13,9:24,15:29,12:06,11:49,14:58,,,
Tuesday,01/24/2012,10:55,10:14,10:31,10:57,10:29,10:42,11:27,10:42,10:47,,,
Wednesday,01/25/2012,9:59,10:23,10:08,9:46,9:54,9:58,10:22,10:10,11:07,,,
Thursday,01/26/2012,10:37,10:37,12:20,9:35,9:51,10:14,10:33,11:20,11:27,,,
Friday,01/27/2012,10:07,10:27,11:02,9:48,9:58,10:07,10:30,10:43,10:40,,,
Saturday,01/28/2012,10:18,,,9:35,,,10:47,,,,,
Sunday,01/29/2012,10:05,,,9:55,,,9:56,,,,,
Monday,01/30/2012,10:06,11:52,10:11,10:01,11:10,10:14,9:55,9:43,10:43,,,
Tuesday,01/31/2012,10:15,10:27,10:17,9:44,10:02,9:42,10:15,9:56,10:51,,,
Wednesday,02/01/2012,10:28,10:15,10:50,9:42,10:02,9:48,10:22,10:40,10:53,,,
Thursday,02/02/2012,10:19,10:51,11:35,9:56,10:07,10:27,10:07,10:12,10:47,,,
Friday,02/03/2012,10:07,12:28,10:29,10:10,9:44,9:53,10:22,9:29,11:18,,,
Saturday,02/04/2012,10:05,,,10:02,,,11:10,,,,,
Sunday,02/05/2012,10:15,,,9:49,,,10:41,,,,,
Monday,02/06/2012,10:13,9:57,10:22,11:42,12:07,12:17,10:47,11:51,11:24,,,
Tuesday,02/07/2012,11:04,10:10,10:33,10:44,9:47,9:58,11:27,9:53,13:21,,,
Wednesday,02/08/2012,10:30,10:35,12:31,9:41,10:02,9:51,10:25,10:33,11:11,,,
Thursday,02/09/2012,10:19,10:38,10:27,9:41,9:47,10:00,10:00,10:13,10:36,,,
Friday,02/10/2012,10:00,10:33,10:29,9:44,9:39,10:23,10:42,9:37,12:40,,,
Saturday,02/11/2012,9:56,,,9:50,,,10:40,,,,,
Sunday,02/12/2012,10:10,,,10:06,,,10:29,,,,,
Monday,02/13/2012,11:18,10:21,11:11,9:44,10:25,9:54,10:45,10:24,12:12,,,
Tuesday,02/14/2012,11:22,10:10,14:41,10:56,10:56,13:05,12:02,9:57,15:55,,,
Wednesday,02/15/2012,10:16,9:58,10:16,9:48,9:58,9:52,11:33,10:15,11:59,,,
Thursday,02/16/2012,10:24,10:32,10:58,9:55,9:52,9:50,10:32,10:14,11:04,,,
Friday,02/17/2012,14:14,11:11,18:19,11:18,9:46,11:32,11:33,9:53,12:57,,,
Saturday,02/18/2012,12:11,,,11:14,,,11:44,,,,,
Sunday,02/19/2012,9:58,,,10:34,,,10:12,,,,,
Monday,02/20/2012,11:05,14:50,10:15,9:44,9:45,10:06,10:49,10:54,11:39,,,
Tuesday,02/21/2012,11:00,10:58,12:07,10:26,10:19,9:57,11:54,10:13,12:39,,,
Wednesday,02/22/2012,10:45,10:40,11:22,10:11,10:45,10:21,11:31,10:37,11:41,,,
Thursday,02/23/2012,11:16,10:21,13:01,11:31,10:27,13:12,12:26,11:04,15:31,,,
Friday,02/24/2012,10:38,10:55,10:31,11:53,10:46,13:31,12:52,11:02,14:52,,,
Saturday,02/25/2012,11:26,,,10:56,,,12:44,,,,,
Sunday,02/26/2012,10:34,,,10:07,,,13:39,,,,,
Monday,02/27/2012,11:33,10:26,13:29,10:44,12:12,10:28,13:39,14:13,14:35,,,
Tuesday,02/28/2012,10:57,10:36,12:14,10:17,10:45,10:24,11:26,10:35,10:28,,,
Wednesday,02/29/2012,12:06,13:14,12:04,11:49,13:50,9:50,10:51,10:40,11:16,,,
Thursday,03/01/2012,10:21,10:26,12:05,11:58,11:22,15:08,11:55,10:31,13:17,,,
Friday,03/02/2012,11:18,10:34,13:51,10:58,10:55,11:56,12:25,10:47,17:26,,,
Saturday,03/03/2012,10:08,,,11:40,,,11:20,,,,,
Sunday,03/04/2012,10:20,,,11:05,,,10:44,,,,,
Monday,03/05/2012,10:34,10:37,10:46,10:01,10:27,10:01,10:53,11:24,10:35,,,
Tuesday,03/06/2012,10:41,11:52,10:33,10:00,10:03,10:08,12:09,11:24,13:19,,,
Wednesday,03/07/2012,10:35,10:44,11:56,10:32,11:35,11:02,11:46,11:29,12:54,,,
Thursday,03/08/2012,10:49,10:49,12:10,10:25,10:11,11:02,12:22,11:46,13:30,,,
Friday,03/09/2012,10:47,10:37,10:58,11:29,10:30,12:35,11:57,11:08,13:09,,,
Saturday,03/10/2012,10:59,,,11:58,,,12:15,,,,,
Sunday,03/11/2012,11:12,,,13:53,,,13:53,,,,,
Monday,03/12/2012,12:01,11:26,17:07,10:54,11:29,12:48,12:08,11:28,12:30,,,
Tuesday,03/13/2012,11:32,10:45,12:40,11:09,10:04,13:08,11:26,10:48,12:15,,,
Wednesday,03/14/2012,10:35,10:20,11:35,10:24,10:26,11:44,13:07,11:46,12:16,,,
Thursday,03/15/2012,11:18,10:28,12:59,10:29,10:39,10:27,11:25,10:54,11:30,,,
Friday,03/16/2012,10:27,10:30,10:16,10:08,10:20,10:14,11:22,10:58,13:06,,,
Saturday,03/17/2012,11:12,,,10:35,,,12:47,,,,,
Sunday,03/18/2012,10:30,,,10:39,,,11:49,,,,,
Monday,03/19/2012,10:47,10:42,10:34,10:19,10:17,10:12,11:23,10:46,11:36,,,
Tuesday,03/20/2012,10:15,10:19,10:16,11:23,10:29,10:45,12:28,11:56,16:07,,,
Wednesday,03/21/2012,10:52,11:26,10:12,10:28,11:29,10:14,11:34,11:28,13:32,,,
Thursday,03/22/2012,10:37,10:31,11:44,10:16,10:03,10:00,11:52,11:17,13:14,,,
Friday,03/23/2012,11:09,10:17,11:13,10:00,10:11,9:33,11:36,10:46,11:17,,,
Saturday,03/24/2012,10:17,,,10:38,,,11:49,,,,,
Sunday,03/25/2012,10:31,,,10:13,,,11:13,,,,,
Monday,03/26/2012,11:35,10:28,11:45,11:40,10:14,13:52,12:43,12:36,13:45,,,
Tuesday,03/27/2012,10:42,10:34,9:51,10:05,10:39,10:26,11:11,10:32,10:44,,,
Wednesday,03/28/2012,10:11,10:46,10:08,10:26,10:20,10:27,11:40,10:54,12:32,,,
Thursday,03/29/2012,10:26,10:40,10:28,11:09,10:17,12:10,12:06,10:39,14:20,,,
Friday,03/30/2012,11:15,10:27,13:31,10:48,10:25,11:38,12:22,10:31,14:57,,,
Saturday,03/31/2012,10:53,,,10:40,,,12:52,,,,,
Sunday,04/01/2012,10:51,,,10:59,,,12:27,,,,,
Monday,04/02/2012,10:51,10:12,10:31,10:05,10:22,9:58,10:51,10:48,10:43,,,
Tuesday,04/03/2012,10:42,10:21,10:51,10:21,10:03,10:05,11:16,10:14,11:25,,,
Wednesday,04/04/2012,10:39,10:08,11:56,10:05,10:11,10:35,11:35,11:13,11:58,,,
Thursday,04/05/2012,10:55,10:24,12:35,10:16,10:17,10:23,11:25,11:27,12:32,,,
Friday,04/06/2012,12:00,10:26,13:16,12:30,10:20,9:54,14:27,10:30,22:18,,,
Saturday,04/07/2012,10:34,,,12:52,,,12:23,,,,,
Sunday,04/08/2012,10:26,,,11:02,,,11:42,,,,,
Monday,04/09/2012,11:30,10:19,12:18,10:32,10:31,10:11,11:59,10:48,12:08,,,
Tuesday,04/10/2012,11:01,12:53,10:35,10:51,12:08,10:24,12:16,10:34,13:09,,,
Wednesday,04/11/2012,11:04,11:48,12:28,10:12,12:09,10:27,11:49,10:55,15:27,,,
Thursday,04/12/2012,10:45,11:56,10:56,10:28,10:59,10:51,11:52,10:47,17:19,,,
Friday,04/13/2012,11:41,10:15,14:21,11:11,10:09,9:16,13:12,11:36,12:25,,,
Saturday,04/14/2012,10:55,,,10:31,,,11:37,,,,,
Sunday,04/15/2012,11:31,,,10:08,,,11:21,,,,,
Monday,04/16/2012,10:28,10:58,10:35,10:52,10:29,11:49,13:14,12:00,14:26,,,
Tuesday,04/17/2012,11:14,10:21,12:31,10:20,10:47,10:12,11:05,10:58,12:06,,,
Wednesday,04/18/2012,10:40,10:40,10:45,10:10,10:14,10:39,11:30,11:02,13:24,,,
Thursday,04/19/2012,10:46,10:55,12:30,10:36,10:10,10:57,12:11,10:53,14:34,,,
Friday,04/20/2012,10:36,10:23,12:01,11:36,10:22,10:30,13:07,11:27,15:12,,,
Saturday,04/21/2012,10:52,,,11:18,,,12:16,,,,,
Sunday,04/22/2012,10:36,,,10:18,,,13:09,,,,,
Monday,04/23/2012,10:19,10:36,10:03,11:13,12:28,10:10,11:46,10:04,11:01,,,
Tuesday,04/24/2012,10:44,10:15,11:26,10:11,10:23,10:41,13:02,13:08,15:49,,,
Wednesday,04/25/2012,10:39,10:35,11:21,10:07,10:07,11:00,11:44,10:34,11:30,,,
Thursday,04/26/2012,10:14,10:41,10:31,10:21,10:05,10:35,11:53,13:06,12:08,,,
Friday,04/27/2012,10:09,10:31,10:17,10:25,10:00,10:32,11:56,10:48,13:13,,,
Saturday,04/28/2012,10:31,,,10:09,,,11:24,,,,,
Sunday,04/29/2012,10:25,,,10:13,,,11:06,,,,,
Monday,04/30/2012,10:11,10:55,10:14,10:53,11:00,11:48,12:16,12:23,14:53,,,
Tuesday,05/01/2012,10:31,10:41,10:12,10:24,10:27,10:11,14:02,12:31,15:33,,,
Wednesday,05/02/2012,10:14,10:15,10:21,10:14,10:24,10:29,14:12,15:02,16:30,,,
Thursday,05/03/2012,11:24,10:42,12:42,12:01,10:22,18:14,14:51,13:09,20:47,,,
Friday,05/04/2012,11:07,11:32,11:28,11:05,11:56,12:16,15:26,17:34,10:28,,,
Saturday,05/05/2012,11:06,,,10:50,,,20:15,,,,,
Sunday,05/06/2012,11:03,,,10:40,,,18:22,,,,,
Monday,05/07/2012,10:13,10:10,10:52,11:20,10:00,12:55,14:32,15:27,15:36,,,
Tuesday,05/08/2012,10:38,10:33,10:23,10:48,10:10,10:45,13:45,13:18,15:55,,,
Wednesday,05/09/2012,10:50,10:26,10:48,11:04,10:25,13:18,17:41,17:41,18:53,,,
Thursday,05/10/2012,10:23,10:20,10:36,10:14,10:20,10:26,16:49,17:32,16:36,,,
Friday,05/11/2012,10:36,11:26,11:44,10:09,10:03,10:38,16:40,17:08,17:56,,,
Saturday,05/12/2012,10:53,,,11:40,,,13:55,,,,,
Sunday,05/13/2012,13:13,,,11:04,,,14:31,,,,,
Monday,05/14/2012,11:13,10:15,10:28,12:09,10:07,12:43,15:46,15:30,14:20,,,
Tuesday,05/15/2012,12:35,12:34,13:16,10:15,11:43,11:01,15:42,14:22,17:27,,,
Wednesday,05/16/2012,11:43,11:25,11:11,10:08,10:03,10:40,15:42,14:23,16:09,,,
Thursday,05/17/2012,10:45,10:49,10:29,11:59,10:54,12:45,13:14,13:20,15:21,,,
Friday,05/18/2012,11:28,10:45,14:09,10:21,10:20,11:28,13:09,11:41,15:12,,,
Saturday,05/19/2012,11:48,,,10:03,,,13:48,,,,,
Sunday,05/20/2012,10:13,,,10:08,,,13:09,,,,,
Monday,05/21/2012,11:44,10:01,15:03,10:14,10:13,11:37,13:38,11:39,18:14,,,
Tuesday,05/22/2012,10:36,10:10,11:26,10:01,10:06,10:18,14:04,13:28,18:40,,,
Wednesday,05/23/2012,11:40,10:57,14:45,10:38,10:14,12:26,13:21,12:07,14:42,,,
Thursday,05/24/2012,10:38,10:20,11:20,10:07,10:19,10:44,13:12,14:33,13:38,,,
Friday,05/25/2012,12:36,10:37,10:16,11:54,10:34,10:04,16:54,12:28,18:44,,,
Saturday,05/26/2012,14:51,,,10:54,,,13:26,,,,,
Sunday,05/27/2012,11:31,,,10:49,,,13:39,,,,,
Monday,05/28/2012,11:51,11:29,12:36,10:39,9:46,10:17,13:33,12:05,15:59,,,
Tuesday,05/29/2012,10:31,11:31,10:06,10:45,10:49,11:16,14:05,18:14,14:14,,,
Wednesday,05/30/2012,10:40,10:14,10:19,10:02,10:12,10:01,13:11,12:27,12:54,,,
Thursday,05/31/2012,10:42,10:53,10:30,9:58,10:16,10:06,13:00,12:44,13:42,,,
Friday,06/01/2012,11:19,10:26,14:10,10:19,10:24,10:12,13:31,12:48,17:10,,,
Saturday,06/02/2012,10:59,,,10:15,,,14:48,,,,,
Sunday,06/03/2012,10:58,,,10:44,,,12:36,,,,,
Monday,06/04/2012,10:45,10:31,11:04,10:50,12:06,14:53,13:33,12:25,14:53,15:53,15:48,14:59
Tuesday,06/05/2012,10:22,10:17,10:09,10:30,10:28,10:15,13:18,16:17,12:58,15:52,15:13,15:35
Wednesday,06/06/2012,10:22,10:34,10:35,10:47,10:27,10:28,12:51,12:19,13:03,16:13,17:39,15:51
Thursday,06/07/2012,10:09,10:00,8:15,10:02,10:22,9:28,11:57,13:27,13:16,16:07,16:18,13:05
Friday,06/08/2012,12:15,10:47,15:00,10:41,10:04,10:28,13:26,12:24,21:00,16:57,15:30,17:11
Saturday,06/09/2012,11:11,,,11:24,,,14:04,,,15:41,,
Sunday,06/10/2012,12:26,,,13:23,,,14:57,,,15:20,,
Monday,06/11/2012,12:48,15:11,13:24,11:42,12:27,12:37,14:45,15:02,20:31,16:35,15:29,22:35
Tuesday,06/12/2012,11:52,10:38,17:55,11:13,10:57,14:36,13:27,12:10,17:21,17:48,16:05,21:28
Wednesday,06/13/2012,12:01,10:25,13:30,11:28,10:07,13:29,13:33,12:38,22:43,15:34,15:37,14:35
Thursday,06/14/2012,12:50,11:10,17:50,10:21,10:33,10:58,15:54,13:26,19:07,10:52,11:05,10:12
Friday,06/15/2012,11:15,10:43,14:36,10:11,10:18,11:21,11:57,11:27,14:17,10:20,9:43,9:42
Saturday,06/16/2012,13:37,,,18:56,,,14:46,,,13:37,,
Sunday,06/17/2012,13:43,,,12:57,,,17:34,,,11:27,,
Monday,06/18/2012,10:26,10:09,11:48,10:20,10:12,10:35,13:24,14:10,16:55,19:03,16:02,22:47
Tuesday,06/19/2012,11:12,11:25,11:55,10:59,10:14,12:37,14:23,12:04,18:20,15:12,15:12,15:20
Wednesday,06/20/2012,11:30,10:30,12:59,11:06,10:35,12:12,18:25,16:37,22:34,15:10,15:18,15:41
Thursday,06/21/2012,11:44,11:37,13:24,12:15,12:05,13:37,16:08,15:00,21:17,17:57,15:08,15:25:00
Friday,06/22/2012,10:38,10:33,11:31,10:46,12:07,11:48,14:59,11:40,23:42,14:46,14:26,14:33
Saturday,06/23/2012,12:28,,,11:10,,,14:59,,,16:47,,
Sunday,06/24/2012,13:37,,,10:17,,,12:56,,,14:40,,
Monday,06/25/2012,10:13,10:02,10:18,10:08,10:12,10:03,12:52,12:55,13:11,15:00,14:56,15:24
Tuesday,06/26/2012,11:28,10:28,12:34,10:02,10:09,10:25,13:18,14:06,15:49,15:04,15:08,15:27
Wednesday,06/27/2012,11:01,10:23,12:28,10:13,11:34,10:55,12:45,12:08,13:24,15:06,15:10,15:21
Thursday,06/28/2012,11:58,10:34,15:20,11:14,10:10,13:38,15:33,14:14,22:10,15:16,15:20,15:07
Friday,06/29/2012,11:23,12:20,10:52,11:06,12:19,9:45,16:53,10:41,0:24:23,17:42,14:48,22:18
Saturday,06/30/2012,12:02,,,11:48,,,20:18,,,21:06,,
Sunday,07/01/2012,13:18,,,13:17,,,17:34,,,15:00,,
Monday,07/02/2012,11:08,10:43,10:29,11:54,12:13,12:06,15:23,13:03,18:50,16:58,23:34,14:38
Tuesday,07/03/2012,10:27,10:34,10:46,10:14,10:02,9:55,15:11,11:55,21:30,15:00,15:12,14:55
Wednesday,07/04/2012,12:16,,,10:47,,,13:23,,,14:33,,
Thursday,07/05/2012,12:11,10:25,13:54,10:16,10:32,10:19,17:25,14:47,17:51,15:15,14:55,15:28
Friday,07/06/2012,10:26,10:29,9:59,11:06,10:16,12:12,15:05,16:25,20:33,20:56,14:29,22:01
Saturday,07/07/2012,10:08,,,10:55,,,17:33,,,14:58,,
Sunday,07/08/2012,13:12,,,11:01,,,12:38,,,14:52,,
Monday,07/09/2012,10:41,10:22,11:15,11:01,12:39,10:04,13:33,14:34,12:38,14:54,14:48,15:01
Tuesday,07/10/2012,11:23,11:22,12:37,10:58,10:08,12:24,13:40,15:10,12:34,15:33,15:00,17:32
Wednesday,07/11/2012,15:27,17:15,12:46,10:18,10:27,10:09,13:05,11:42,22:13,15:04,15:09,14:37
Thursday,07/12/2012,13:36,12:57,13:33,10:24,10:43,9:54,13:53,12:02,16:36,15:10,15:36,15:12
Friday,07/13/2012,14:10,12:52,16:23,10:24,11:30,10:52,14:23,12:48,17:30,14:52,15:14,14:50
Saturday,07/14/2012,14:00,,,10:48,,,13:56,,,15:00,,
Sunday,07/15/2012,13:05,,,10:58,,,13:25,,,16:46,,
Monday,07/16/2012,12:13,10:33,11:56,11:50,11:00,12:09,17:02,15:30,16:26,14:58,14:48,15:07
Tuesday,07/17/2012,15:11,17:28,18:51,10:54,10:42,11:05,15:50,14:23,23:20,15:06,15:21,14:44
Wednesday,07/18/2012,10:28,10:13,10:06,11:22,10:22,13:08,17:36,14:54,17:11,15:12,15:14,15:04
Thursday,07/19/2012,11:03,10:14,11:26,12:26,10:34,15:56,16:28,12:18,21:23,15:10,15:04,15:27
Friday,07/20/2012,11:14,13:16,12:11,13:41,20:33,12:35,16:40,0:31:11,12:36,14:46,0:00,13:19
Saturday,07/21/2012,10:27,,,10:35,,,14:27,,,15:14,,
Sunday,07/22/2012,13:28,,,12:31,,,22:03,,,15:40,,
Monday,07/23/2012,11:21,12:35,13:22,13:11,12:42,13:49,20:12,0:24:31,0:24:09,16:05,0:22:44,15:04
Tuesday,07/24/2012,10:28,10:13,10:43,10:30,10:12,10:57,13:40,12:31,14:20,15:12,14:52,16:32
Wednesday,07/25/2012,11:44,12:55,9:38,11:14,11:24,12:00,15:23,14:49,13:58,15:33,14:59,15:01
Thursday,07/26/2012,11:29,10:08,14:24,12:06,10:50,13:23,15:55,13:58,19:14,15:04,15:10,15:14
Friday,07/27/2012,12:24,10:22,14:05,11:54,10:59,14:06,15:37,13:58,0:24:25,15:03,15:02,15:09
Saturday,07/28/2012,13:09,,,13:38,,,18:27,,,15:23,,
Sunday,07/29/2012,13:39,,,10:35,,,15:08,,,18:29,,
Monday,07/30/2012,10:58,11:24,10:49,11:03,11:27,11:24,17:13,12:49,0:29:11,14:53,14:53,14:40
Tuesday,07/31/2012,11:16,10:34,14:08,10:41,10:19,11:26,17:23,15:07,0:24:03,14:53,14:59,15:14
Wednesday,08/01/2012,10:23,10:27,10:49,10:43,10:27,10:54,14:03,14:31,14:41,15:06,15:10,15:22
Thursday,08/02/2012,11:49,10:46,11:18,11:57,11:28,13:24,15:52,17:23,16:11,15:05,15:08,15:12
Friday,08/03/2012,11:48,10:48,11:38,11:17,11:26,12:13,16:17,14:59,17:53,15:10,15:11,15:29
Saturday,08/04/2012,13:29,,,10:50,,,19:06,,,15:05,,
Sunday,08/05/2012,12:48,,,10:59,,,17:50,,,15:06,,
Monday,08/06/2012,11:19,10:20,11:50,10:55,10:45,11:05,13:50,12:58,14:35,14:56,14:53,15:26
Tuesday,08/07/2012,11:00,10:54,11:11,10:33,10:31,11:48,15:25,15:42,15:19,15:44,15:06,16:44
Wednesday,08/08/2012,10:46,10:51,11:25,11:13,11:11,11:20,16:31,15:53,17:48,15:11,15:05,15:50
Thursday,08/09/2012,11:00,10:18,12:30,10:49,10:51,11:33,16:05,19:17,20:27,15:25,17:25,14:59
Friday,08/10/2012,12:47,10:48,15:57,11:29,11:03,14:22,14:23,14:48,15:24,15:10,15:02,15:11
Saturday,08/11/2012,10:56,,,11:06,,,15:38,,,15:25,,
Sunday,08/12/2012,15:16,,,10:20,,,13:38,,,15:07,,
Monday,08/13/2012,10:13,10:28,10:40,11:01,11:00,11:01,14:34,13:53,16:03,15:03,15:10,15:43
Tuesday,08/14/2012,10:55,10:37,12:49,11:06,11:05,11:57,15:51,15:31,17:37,14:55,14:43,15:15
Wednesday,08/15/2012,11:26,11:24,11:04,10:37,10:22,12:31,14:13,14:30,16:23,15:01,15:11,15:04
Thursday,08/16/2012,10:52,10:51,12:16,11:06,11:09,10:48,12:56,11:57,14:47,15:11,15:29,15:36
Friday,08/17/2012,14:01,11:43,19:56,10:52,12:25,11:16,14:30,12:28,17:22,15:03,14:59,15:07
Saturday,08/18/2012,11:10,,,10:50,,,14:16,,,15:06,,
Sunday,08/19/2012,15:51,,,10:23,,,12:48,,,15:32,,
Monday,08/20/2012,11:56,12:33,12:13,10:24,11:57,11:49,14:18,14:25,14:40,15:01,16:23,15:25
Tuesday,08/21/2012,10:58,11:05,12:00,10:31,10:16,10:54,14:17,13:44,17:20,18:03,18:11,15:08
Wednesday,08/22/2012,10:29,10:52,10:56,10:12,10:06,10:53,13:25,14:41,13:40,15:06,15:20,15:16
Thursday,08/23/2012,13:04,10:50,15:38,10:00,10:05,11:06,14:18,11:49,19:09,17:10,14:57,21:40
Friday,08/24/2012,10:43,12:32,9:51,10:06,10:06,10:29,14:51,12:41,22:03,15:06,14:58,15:06
Saturday,08/25/2012,10:29,,,10:34,,,16:04,,,15:06,,
Sunday,08/26/2012,13:58,,,10:14,,,13:54,,,17:52,,
Monday,08/27/2012,11:00,11:24,11:01,10:36,10:11,11:19,17:29,14:54,19:45,16:32,16:33,18:13
Tuesday,08/28/2012,11:09,10:24,15:24,10:13,10:03,11:49,16:47,0:22:39,18:29,14:58,14:22,15:03
Wednesday,08/29/2012,11:14,12:03,11:43,10:38,9:51,10:43,14:07,15:28,18:16,16:06,16:00,14:20
Thursday,08/30/2012,13:07,12:57,18:10,14:56,14:58,16:52,15:36,15:15,20:54,15:44,16:02,15:03
Friday,08/31/2012,15:55,0:23:22,21:26,16:08,16:39,21:15,15:02,11:27,17:18,17:35,0:26:36,18:36
Saturday,09/01/2012,12:03,,,14:57,,,14:48,,,15:43,,
Sunday,09/02/2012,16:59,,,15:51,,,15:23,,,16:35,,
Monday,09/03/2012,13:43,,,13:45,,,12:10,,,15:51,,
Tuesday,09/04/2012,13:24,13:06,12:47,10:57,14:56,10:23,18:12,15:43,23:47,14:47,14:54,15:10
Wednesday,09/05/2012,11:18,10:56,10:34,14:42,10:24,10:15,14:26,12:40,18:15,15:03,15:03,15:26
Thursday,09/06/2012,11:47,10:39,19:14,10:08,11:59,11:11,15:11,14:03,21:19,22:37,22:47,23:16
Friday,09/07/2012,11:16,10:47,13:23,10:07,10:26,11:01,15:21,14:34,19:51,15:32,14:49,14:57
Saturday,09/08/2012,10:53,,,10:10,,,14:39,,,15:16,,
Sunday,09/09/2012,13:23,,,10:16,,,13:16,,,15:19,,
Monday,09/10/2012,11:38,10:40,13:00,9:56,9:45,10:46,15:07,14:39,20:51,18:11,14:21,23:03
Tuesday,09/11/2012,11:13,11:29,11:10,10:10,10:18,10:47,12:46,12:41,14:19,14:50,14:46,14:57
Wednesday,09/12/2012,12:00,11:03,11:18,10:01,10:04,10:33,12:53,12:06,13:04,15:29,15:23,15:15
Thursday,09/13/2012,12:38,10:38,14:28,10:24,10:16,10:51,14:26,13:00,16:50,15:45,15:03,15:25
Friday,09/14/2012,11:05,10:37,12:50,10:08,10:32,10:34,14:26,11:21,16:59,19:28,17:24,22:30
Saturday,09/15/2012,10:28,,,10:23,,,14:12,,,15:25,,
Sunday,09/16/2012,13:23,,,10:03,,,12:04,,,15:18,,
Monday,09/17/2012,10:44,10:30,10:13,10:29,10:05,10:28,14:44,15:11,13:52,15:20,16:03,15:25
Tuesday,09/18/2012,10:35,14:54,10:04,10:39,13:49,10:41,14:05,0:30:20,14:39,14:40,15:17,15:14
Wednesday,09/19/2012,10:48,11:08,11:46,10:04,10:03,10:32,15:19,15:47,16:04,15:06,15:03,14:58
Thursday,09/20/2012,11:09,10:29,11:09,10:24,10:14,10:39,14:01,13:58,17:41,15:25,15:09,14:48
Friday,09/21/2012,10:49,10:33,11:09,12:32,11:26,13:00,13:52,11:47,19:04,15:05,14:42,15:32
Saturday,09/22/2012,11:14,,,11:27,,,14:32,,,15:07,,
Sunday,09/23/2012,11:28,,,10:30,,,13:16,,,15:54,,
Monday,09/24/2012,10:53,10:49,10:37,10:07,10:10,9:54,14:09,15:35,13:45,14:56,16:29,12:41
Tuesday,09/25/2012,10:50,10:58,11:58,11:25,11:19,11:19,13:35,15:27,12:45,16:43,9:31,15:19
Wednesday,09/26/2012,10:01,10:10,9:21,10:27,10:36,9:58,13:08,12:35,12:48,15:30,14:56,15:31
Thursday,09/27/2012,10:33,10:31,12:19,11:06,10:45,12:07,13:37,11:48,16:27,15:05,15:07,15:19
Friday,09/28/2012,11:54,10:18,13:24,11:34,10:45,15:37,14:30,12:42,20:54,15:08,14:41,15:05
Saturday,09/29/2012,11:32,,,12:59,,,15:01,,,15:10,,
Sunday,09/30/2012,13:35,,,12:05,,,15:49,,,15:07,,
Monday,10/01/2012,10:25,10:38,9:58,10:04,9:54,10:29,14:39,17:04,15:32,15:03,15:13,15:14
Tuesday,10/02/2012,10:22,10:55,10:50,10:02,10:09,10:12,13:51,12:17,18:05,14:58,14:47,15:30
Wednesday,10/03/2012,10:24,10:20,10:50,10:03,9:53,10:12,14:06,12:15,18:05,14:59,14:48,15:30
Thursday,10/04/2012,10:30,10:52,10:26,10:20,10:20,10:29,13:15,14:35,12:47,15:05,15:04,15:36
Friday,10/05/2012,11:13,10:24,13:04,10:01,9:58,10:10,13:42,13:53,15:01,14:48,14:51,15:28
Saturday,10/06/2012,12:00,,,11:25,,,15:45,,,22:52,,
Sunday,10/07/2012,13:23,,,11:11,,,13:25,,,15:52,,
Monday,10/08/2012,11:25,10:23,14:15,10:07,9:57,10:13,13:18,14:13,16:03,15:22,15:03,16:20
Tuesday,10/09/2012,10:55,10:20,10:18,9:55,9:53,10:16,12:52,12:43,12:31,15:05,15:16,15:19
Wednesday,10/10/2012,10:33,11:04,10:35,10:15,10:52,10:36,13:10,13:44,15:56,15:19,16:15,15:46
Thursday,10/11/2012,9:57,10:15,8:40,10:13,9:56,10:10,13:07,13:26,12:53,15:13,15:21,15:42
Friday,10/12/2012,11:01,10:47,11:20,10:25,9:59,10:04,13:36,14:22,13:26,15:12,15:35,15:35
Saturday,10/13/2012,14:12,,,13:30,,,15:04,,,15:41,,
Sunday,10/14/2012,14:19,,,11:38,,,13:46,,,15:45,,
Monday,10/15/2012,11:23,11:20,13:16,10:53,10:13,13:22,14:51,14:23,17:40,15:26,16:36,14:56
Tuesday,10/16/2012,12:23,11:32,16:52,10:43,11:06,12:32,15:46,15:55,18:44,18:03,15:42,22:14
Wednesday,10/17/2012,12:32,10:42,19:56,10:01,9:56,10:07,13:36,14:34,18:25,15:07,15:02,15:58
Thursday,10/18/2012,10:33,10:49,10:05,10:02,9:59,10:16,13:36,13:45,20:40,15:09,15:09,15:21
Friday,10/19/2012,12:27,10:55,11:18,10:17,11:00,10:46,16:16,15:28,19:03,15:08,15:01,15:29
Saturday,10/20/2012,14:47,,,11:13,,,14:03,,,15:52,,
Sunday,10/21/2012,13:40,,,10:27,,,12:21,,,16:03,,
Monday,10/22/2012,10:42,12:10,10:27,10:24,9:57,11:22,13:54,12:24,18:34,20:59,22:35,23:41
Tuesday,10/23/2012,10:44,10:07,11:16,10:24,10:15,11:53,13:14,12:37,13:45,15:57,21:36,15:10
Wednesday,10/24/2012,11:13,10:35,12:07,10:14,10:22,10:32,13:22,12:52,17:33,15:19,15:57,15:04
Thursday,10/25/2012,10:25,10:40,9:57,10:33,10:17,9:48,14:10,14:46,12:55,15:05,15:11,15:21
Friday,10/26/2012,11:43,11:26,11:57,12:34,13:22,12:42,15:51,15:40,16:37,15:18,17:15,15:11
Saturday,10/27/2012,11:23,,,11:31,,,13:41,,,14:59,,
Sunday,10/28/2012,12:30,,,10:26,,,12:58,,,16:35,,
Monday,10/29/2012,,,,,,,,,,,,
Tuesday,10/30/2012,,,,,,,,,,,,
Wednesday,10/31/2012,10:56,10:30,10:55,10:36,10:00,11:20,13:46,15:02,14:06,15:13,15:00,15:00
Thursday,11/01/2012,10:20,10:27,10:24,10:01,10:16,10:12,11:32,12:53,11:53,16:50,15:32,20:11
Friday,11/02/2012,11:02,12:44,10:19,11:19,17:17,10:17,11:37,12:31,13:08,15:16,18:27,15:27
Saturday,11/03/2012,10:19,,,10:32,,,12:29,,,15:03,,
Sunday,11/04/2012,13:48,,,10:03,,,9:52,,,14:56,,
Monday,11/05/2012,11:04,10:53,11:48,10:32,10:27,10:05,11:20,13:33,13:55,15:00,15:09,15:10
Tuesday,11/06/2012,10:35,11:43,10:02,10:18,11:53,10:04,12:19,12:17,11:41,15:08,15:57,15:00
Wednesday,11/07/2012,11:25,10:23,13:41,13:34,10:55,15:49,11:29,10:12,13:58,16:03,15:07,15:09
Thursday,11/08/2012,11:08,10:30,11:52,11:51,10:08,12:30,10:38,14:40,10:54,15:19,15:13,15:24
Friday,11/09/2012,10:33,10:17,12:08,10:08,9:47,10:44,10:18,9:53,13:51,15:01,15:22,15:21
Saturday,11/10/2012,11:33,,,10:22,,,10:33,,,15:25,,
Sunday,11/11/2012,14:31,,,10:59,,,10:51,,,19:14,,
Monday,11/12/2012,9:59,10:22,10:14,10:18,10:24,10:13,11:20,12:40,10:02,15:05,15:23,14:41
Tuesday,11/13/2012,11:45,10:38,10:25,9:57,10:48,10:11,11:46,12:42,11:57,19:38,20:00,19:51
Wednesday,11/14/2012,9:43,9:42,9:56,10:28,9:51,10:02,12:44,12:01,12:15,17:07,16:03,18:17
Thursday,11/15/2012,10:01,10:25,9:38,10:01,9:52,9:59,10:47,12:04,10:17,14:57,15:18,15:15
Friday,11/16/2012,10:17,10:26,11:17,10:11,10:37,10:51,12:42,11:36,17:44,15:19,15:39,14:57
Saturday,11/17/2012,11:12,,,10:37,,,12:49,,,15:03,,
Sunday,11/18/2012,14:27,,,10:17,,,11:26,,,16:12,,
Monday,11/19/2012,9:54,10:20,9:39,10:23,10:05,10:07,11:48,11:13,12:57,14:54,14:45,14:52
Tuesday,11/20/2012,10:15,10:25,10:02,9:59,9:57,10:24,14:08,13:34,16:27,15:06,15:49,15:04
Wednesday,11/21/2012,10:43,10:28,9:09,10:21,10:00,9:47,11:11,11:46,13:54,18:14,21:05,15:00
Thursday,11/22/2012,,,,,,,,,,,,
Friday,11/23/2012,10:05,10:10,10:04,9:59,10:08,9:42,13:37,11:46,15:02,14:57,15:09,14:57
Saturday,11/24/2012,10:54,,,10:18,,,13:35,,,15:07,,
Sunday,11/25/2012,15:02,,,10:18,,,10:50,,,15:17,,
Monday,11/26/2012,10:20,10:00,10:28,10:21,10:25,11:17,13:41,14:00,14:25,19:10,19:25,20:19
Tuesday,11/27/2012,10:41,12:55,10:05,10:30,11:49,10:37,12:22,15:50,14:43,18:48,14:28,18:36
Wednesday,11/28/2012,10:26,10:18,10:25,10:22,10:10,11:11,10:40,11:30,10:58,16:38,14:56,18:52
Thursday,11/29/2012,10:49,10:26,9:56,10:25,11:12,10:34,11:41,14:13,10:31,16:04,22:41,15:03
Friday,11/30/2012,11:00,10:48,10:50,10:31,11:34,10:20,10:53,10:17,12:31,15:08,16:28,15:14
Saturday,12/01/2012,12:06,,,11:48,,,12:01,,,15:15,,
Sunday,12/02/2012,15:33,,,10:48,,,10:08,,,15:04,,
Monday,12/03/2012,13:07,11:09,18:08,11:20,12:41,12:28,13:48,12:05,0:24:27,17:56,17:12,17:51
Tuesday,12/04/2012,9:54,10:31,10:01,10:14,10:06,10:33,10:55,11:24,11:43,17:28,17:03,18:40
Wednesday,12/05/2012,10:46,12:27,10:31,10:22,11:29,10:42,11:01,14:03,11:48,17:46,19:05,17:54
Thursday,12/06/2012,10:39,10:32,9:41,10:52,11:49,11:40,10:58,11:45,11:01,18:06,20:17,17:45
Friday,12/07/2012,11:00,10:26,10:56,12:45,12:16,13:02,11:59,10:04,17:12,17:48,18:30,18:05
Saturday,12/08/2012,10:34,,,10:28,,,11:50,,,17:41,,
Sunday,12/09/2012,13:24,,,10:08,,,12:09,,,17:10,,
Monday,12/10/2012,11:20,10:48,11:47,10:45,11:15,12:49,11:06,17:32,11:02,18:19,23:46,18:52
Tuesday,12/11/2012,10:31,10:17,10:36,10:30,10:25,10:34,10:00,11:19,11:10,18:12,18:02,18:05
Wednesday,12/12/2012,10:26,10:55,10:13,9:54,10:04,10:11,9:29,9:59,10:36,18:18,18:57,17:28
Thursday,12/13/2012,11:15,10:26,17:08,10:07,10:03,11:01,9:46,11:34,11:25,18:00,18:43,17:45
Friday,12/14/2012,12:32,12:34,13:44,13:22,10:17,18:51,12:33,9:17,19:05,18:09,17:15,19:22
Saturday,12/15/2012,10:58,,,11:37,,,13:19,,,17:49,,
Sunday,12/16/2012,16:47,,,10:07,,,11:49,,,17:56,,
Monday,12/17/2012,10:28,10:31,11:01,10:09,10:25,10:33,11:03,11:00,12:06,18:10,19:03,17:38
Tuesday,12/18/2012,10:13,11:33,9:50,10:24,11:00,11:06,10:45,12:27,9:55,17:55,20:31,17:29
Wednesday,12/19/2012,9:55,9:58,10:04,10:18,10:35,11:06,10:24,10:58,10:13,17:35,17:35,17:47
Thursday,12/20/2012,10:54,12:59,10:04,10:34,10:00,13:14,10:05,10:13,10:55,19:30,17:47,17:28
Friday,12/21/2012,10:56,11:50,12:01,10:33,9:43,10:26,11:52,12:56,17:19,18:09,21:42,18:29
Saturday,12/22/2012,10:47,,,11:35,,,11:55,,,17:52,,
Sunday,12/23/2012,13:41,,,11:00,,,12:43,,,17:41,,
Monday,12/24/2012,10:37,12:38,10:35,10:45,13:21,10:30,11:02,14:14,10:59,17:33,18:48,13:02
Tuesday,12/25/2012,,,,,,,,,,,,
Wednesday,12/26/2012,10:49,10:30,10:03,10:09,10:17,10:03,12:07,11:50,11:39,18:56,20:57,17:40
Thursday,12/27/2012,12:57,10:02,16:15,10:33,9:53,12:02,11:53,12:10,14:59,18:51,16:47,17:34
Friday,12/28/2012,11:57,10:44,13:08,10:07,10:42,9:59,12:11,11:30,15:37,23:16,19:22,0:27:17
Saturday,12/29/2012,11:48,,,11:43,,,12:50,,,18:47,,
Sunday,12/30/2012,13:22,,,10:48,,,13:33,,,17:30,,
Monday,12/31/2012,11:34,13:11,12:02,10:27,10:20,10:46,12:54,11:54,13:19,18:18,17:36,18:20
Tuesday,01/01/2013,10:11,,,10:20,,,10:06,,,20:20,,
Wednesday,01/02/2013,10:18,10:10,10:13,10:58,12:20,10:27,10:55,10:49,14:03,18:45,0:24:30,17:21
Thursday,01/03/2013,10:30,9:58,9:29,10:00,10:29,10:48,10:53,12:34,9:50,18:01,19:31,17:38
Friday,01/04/2013,11:28,10:11,10:52,10:12,10:30,10:15,12:19,11:15,20:21,17:46,18:40,17:31
Saturday,01/05/2013,12:13,,,11:55,,,15:18,,,18:24,,
Sunday,01/06/2013,13:57,,,11:27,,,11:38,,,18:08,,
Monday,01/07/2013,11:24,10:11,11:05,10:12,10:04,9:58,10:45,11:52,10:54,18:02,18:38,18:02
Tuesday,01/08/2013,10:46,11:06,10:28,10:46,10:09,10:20,10:44,12:02,10:28,18:44,18:59,17:48
Wednesday,01/09/2013,10:51,13:38,9:28,10:14,11:34,10:31,11:14,12:27,12:20,17:54,19:52,17:50
Thursday,01/10/2013,10:06,10:20,10:00,12:08,10:24,12:28,10:03,11:07,9:41,17:50,19:57,17:13
Friday,01/11/2013,10:50,10:07,12:19,10:35,12:16,10:33,11:50,11:26,15:03,17:43,17:50,17:19
Saturday,01/12/2013,12:57,,,11:27,,,13:07,,,17:32,,
Sunday,01/13/2013,14:35,,,9:59,,,9:54,,,17:39,,
Monday,01/14/2013,11:22,10:33,13:15,10:05,10:46,10:09,10:27,12:10,11:03,18:00,19:44,17:34
Tuesday,01/15/2013,9:43,10:27,9:55,10:31,12:24,9:48,10:37,10:54,10:34,17:36,18:58,17:05
Wednesday,01/16/2013,10:09,10:20,10:08,10:06,10:29,9:36,9:52,12:22,9:25,17:35,18:22,17:38
Thursday,01/17/2013,10:29,10:13,10:44,10:08,11:16,10:20,10:54,16:55,10:31,17:34,17:34,18:17
Friday,01/18/2013,10:24,10:19,10:22,10:07,10:05,10:33,14:44,10:06,12:57,17:36,17:45,17:47
Saturday,01/19/2013,11:27,,,12:36,,,13:03,,,17:48,,
Sunday,01/20/2013,12:57,,,10:21,,,12:09,,,17:28,,
Monday,01/21/2013,10:44,10:03,11:10,10:01,9:43,10:16,9:58,10:33,10:05,19:27,17:37,18:17
Tuesday,01/22/2013,11:54,12:47,15:57,10:54,10:15,15:33,11:18,13:05,12:26,18:20,18:05,21:51
Wednesday,01/23/2013,11:14,11:18,11:43,10:23,11:23,10:37,11:07,12:18,11:21,18:34,20:25,18:09
Thursday,01/24/2013,11:41,15:32,11:45,10:05,11:01,10:57,11:17,12:46,9:46,17:28,16:40,18:02
Friday,01/25/2013,11:47,10:52,19:48,11:08,10:23,13:50,14:44,13:32,0:25:21,17:45,17:06,17:52
Saturday,01/26/2013,10:28,,,10:13,,,16:01,,,17:41,,
Sunday,01/27/2013,14:06,,,11:12,,,11:22,,,17:24,,
Monday,01/28/2013,11:12,9:59,10:39,11:29,10:49,10:29,10:38,11:12,10:09,19:31,18:32,17:31
Tuesday,01/29/2013,9:55,9:31,10:31,9:55,10:15,10:55,9:52,10:39,10:04,17:46,17:39,18:08
Wednesday,01/30/2013,11:03,10:48,11:20,10:38,10:22,12:01,11:02,12:08,11:22,18:03,17:23,18:12
Thursday,01/31/2013,10:50,9:42,11:37,10:23,10:17,10:34,11:02,10:43,12:19,17:37,16:20,16:50
Friday,02/01/2013,12:03,11:21,19:41,10:36,10:09,12:43,13:39,12:37,19:28,18:15,23:31,17:32
Saturday,02/02/2013,12:29,,,10:39,,,12:35,,,17:41,,
Sunday,02/03/2013,15:35,,,12:22,,,15:31,,,17:44,,
Monday,02/04/2013,11:09,10:17,10:25,11:05,12:11,9:55,11:11,11:20,11:22,17:32,18:25,17:37
Tuesday,02/05/2013,14:36,10:49,11:52,13:39,10:42,10:58,13:00,10:19,13:24,19:26,19:58,16:59
Wednesday,02/06/2013,11:43,11:48,11:36,10:26,11:05,10:25,11:46,11:43,11:59,18:52,21:39,17:55
Thursday,02/07/2013,11:01,10:13,13:07,10:42,10:32,10:55,11:23,11:26,12:00,18:08,18:59,19:19
Friday,02/08/2013,12:05,9:50,12:36,11:01,10:45,11:42,14:08,12:00,16:02,19:12,17:44,20:03
Saturday,02/09/2013,11:16,,,11:58,,,11:26,,,17:45,,
Sunday,02/10/2013,13:59,,,10:41,,,10:08,,,17:35,,
Monday,02/11/2013,10:58,9:50,9:52,10:32,10:27,9:59,12:41,14:33,12:25,17:53,20:00,17:50
Tuesday,02/12/2013,10:24,12:03,9:44,10:37,14:26,10:26,10:50,15:54,9:59,21:05,17:58,0:33:57
Wednesday,02/13/2013,11:07,9:18,12:56,10:14,10:11,10:21,10:55,10:48,11:28,17:56,19:01,17:27
Thursday,02/14/2013,11:50,9:42,14:39,10:55,10:26,12:26,11:35,11:31,13:41,18:06,17:46,19:14
Friday,02/15/2013,11:18,10:37,12:16,10:43,10:01,10:00,10:20,9:48,10:48,17:54,18:40,18:36
Saturday,02/16/2013,11:20,,,12:50,,,16:56,,,18:23,,
Sunday,02/17/2013,14:21,,,9:57,,,11:17,,,17:33,,
Monday,02/18/2013,11:39,9:38,15:27,9:59,9:57,10:07,11:58,14:40,10:35,17:46,18:27,17:47
Tuesday,02/19/2013,11:58,11:40,15:09,10:16,10:34,10:30,12:24,13:43,12:52,17:45,17:56,17:44
Wednesday,02/20/2013,11:22,10:17,11:43,10:57,10:23,11:21,10:33,10:55,12:44,17:30,17:45,17:49
Thursday,02/21/2013,10:52,10:52,12:30,10:13,10:08,10:24,10:26,11:20,12:06,17:49,18:24,17:58
Friday,02/22/2013,11:16,9:28,11:55,14:09,11:54,16:06,11:54,12:10,15:13,18:41,18:13,0:25:31
Saturday,02/23/2013,10:49,,,15:26,,,12:18,,,19:53,,
Sunday,02/24/2013,13:59,,,10:02,,,10:05,,,17:34,,
Monday,02/25/2013,10:50,10:19,11:14,11:00,12:02,13:15,10:35,12:10,12:10,18:01,18:32,18:14
Tuesday,02/26/2013,10:51,10:32,12:05,10:27,10:21,10:45,10:33,12:13,11:10,17:44,18:21,17:18
Wednesday,02/27/2013,10:15,10:17,10:52,10:55,11:56,10:30,9:49,10:41,9:40,17:36,17:46,17:03
Thursday,02/28/2013,10:45,10:03,12:43,10:37,10:57,10:22,9:52,10:30,9:44,17:55,18:35,17:44
Friday,03/01/2013,10:41,13:56,10:57,10:21,14:17,10:24,11:24,14:49,13:13,18:48,0:25:14,18:14
